Tên sản phẩm,Hãng sản xuất,Rom,Ram,Chipset(CPU),Kích thước màn hình,Độ phân giải Camera,Dung lượng pin,Giá,Primary,Ultra_Wide,Telephoto
Samsung Galaxy A05 (4G) 4GB 128GB Chính Hãng,Samsung,128.0,4.0,Helio G85,6.7,50MP - 2MP,5000.0,3090000.0,50,2,0
iPhone 14 128GB VNA,Apple,128.0,6.0,Apple A15 Bionic,6.1,Camera góc r?ng: 12MP Camera góc siêu r?ng: 12MP,3279.0,25990000.0,12,12,0
INOI Note 13s 8GB 256GB Chính Hãng,INOI,256.0,8.0,Unisoc T606 (12 nm),7.0,16MP - 2MP - 2MP,5000.0,3390000.0,16,2,2
iPhone 14 Pro 128GB VN/A,Apple,128.0,6.0,Apple A16 Bionic,6.1,Camera chính: 48MP Camera góc siêu r?ng: 12MP Camera tele: 12MP,3200.0,31990000.0,48,12,12
Samsung Galaxy Z Flip5 8GB 256GB Chính Hãng,Samsung,256.0,8.0,Snapdragon 8 Gen 2 for Galaxy,6.7,12MP - 12MP,3700.0,25990000.0,12,12,0
Xiaomi Redmi Pad SE 6GB 128GB Box,Xiaomi,128.0,6.0,Snapdragon 680 4G (6 nm),11.0,8MP,8000.0,4990000.0,8,0,0
Samsung Galaxy S22 (5G) 8GB 256GB Chính hãng,Samsung,256.0,8.0,Snapdragon 8 Gen 1 8 nhân,6.1,50MP – 10MP – 12MP,3700.0,23490000.0,50,10,12
Oppo Reno 7 (5G) 8GB 256GB Chính hãng,Oppo,256.0,8.0,MediaTek Dimensity 900 5G,6.43,64MP – 8MP – 2MP,4500.0,12990000.0,64,8,2
Xiaomi Poco X3 GT 8GB 128GB Chính Hãng,Xiaomi,128.0,8.0,MediaTek MT6891Z Dimensity 1100 (6 nm),6.6,64MP – 8MP – 2MP,5000.0,0.0,64,8,2
Xiaomi Redmi A2 2GB 32GB Chính Hãng,Xiaomi,32.0,2.0,MediaTek Helio G36,6.52,2 Camera chính: 8MP - f/2.0,5000.0,2990000.0,8,0,0
Xiaomi Redmi K70 Pro 16GB 256GB Box,Xiaomi,256.0,16.0,Snapdragon 8 Gen 3 (4 nm),6.67,50MP - 50MP - 12MP,5000.0,17990000.0,50,50,12
Xiaomi Redmi Note 11T Pro (5G) 8GB 256GB Box,Xiaomi,128.0,8.0,MediaTek Dimensity 8100 (5 nm),6.6,64MP – 8MP – 2MP,5080.0,7990000.0,64,8,2
Realme GT Neo 2T 12GB 256GB Box,Realme,256.0,12.0,MediaTek MT6893 Dimensity 1200 (6 nm),6.43,64MP – 8MP – 2MP,4500.0,7450000.0,64,8,2
Samsung Galaxy A54 (5G) 8GB 256GB Chính Hãng,Samsung,256.0,8.0,Exynos 1380,6.4,50MP -12MP - 5MP,5000.0,11490000.0,50,12,5
Xiaomi Redmi K70E 12GB 256GB Box,Xiaomi,256.0,12.0,Dimensity 8300 Ultra (4 nm),6.67,64MP - 8MP - 2MP,5500.0,9990000.0,64,8,2
Xiaomi Poco M4 (5G) 4GB 64GB Chính Hãng,Xiaomi,64.0,4.0,MediaTek MT6833 Dimensity 700 5G (7nm) 8 nhân,6.58,"13MP, f/2.2, Ch?p góc r?ng, L?y nét t? d?ng theo pha PDAF",5000.0,4990000.0,13,0,0
iPhone 15 128GB VN/A,Apple,128.0,6.0,Apple A16 Bionic,6.1,Camera chính: 48MP Camera góc siêu r?ng: 12MP Camera tele: 12MP,3349.0,23990000.0,48,12,12
INOI 240 (4G) Chính Hãng,INOI,128.0,48.0,Unisoc T107,1.8,0.08MP,1000.0,0.0,8,0,0
Realme C60 4GB 64GB Chính Hãng,Realme,64.0,4.0,Unisoc T612,6.74,13MP,5000.0,2990000.0,13,0,0
TECNO Spark Go 2024 (4+4GB/64GB) - Chính Hãng,Tecno,64.0,4.0,Unisoc T606 (12 nm),6.6,"13MP - 0,08MP",5000.0,2190000.0,13,8,0
Xiaomi Redmi K60 Ultra (5G) 16GB 256GB Box,Xiaomi,256.0,16.0,Mediatek Dimensity 9200+ (4 nm),6.67,50Mp + 8MP + 2MP,5000.0,11990000.0,8,2,0
Oppo Reno 8 (4G) 8GB 256GB Chính Hãng,Oppo,256.0,8.0,Qualcomm SM6225 Snapdragon 680 4G (6 nm),6.43,64MP - 2MP - 2MP,4500.0,8990000.0,64,2,2
iPhone SE 3 2022 256GB,Apple,256.0,4.0,Apple A15 Bionic,4.7,12 MP,2018.0,0.0,12,0,0
Realme GT Neo 5 SE 12GB 256GB Box,Realme,256.0,12.0,Snapdragon 7+ Gen 2,6.74,64MP – 8MP – 2MP,5500.0,8490000.0,64,8,2
Xiaomi Redmi K40s (5G) 8GB 128GB Box,Xiaomi,128.0,8.0,Qualcomm Snapdragon 870,6.67,48MP + 8MP + 2MP,4500.0,8450000.0,48,8,2
ZTE Blade A54 4GB 64GB Chính Hãng,ZTE,64.0,4.0,Unisoc SC9863A,6.6,13MP - 2MP,5000.0,2090000.0,13,2,0
Oppo A16K 4GB 64GB Chính hãng,Oppo,64.0,4.0,MediaTek Helio G35,6.52,13 MP,4230.0,3690000.0,13,0,0
Xiaomi Redmi Note 12 5G 4GB 128GB,Xiaomi,128.0,4.0,Snapdragon 4 Gen 1,6.67,"48 MP, (góc r?ng), 0.8µm, PDAF 2 MP, f/2.4, (d? sâu) Quay phim: 1080p@30/60fps",5000.0,4490000.0,48,2,0
Xiaomi PoCo M5 4GB 64GB Chính hãng,Xiaomi,64.0,4.0,MediaTek Helio G99 (6nm),6.58,"Camera góc r?ng: 50 MP, f/1.8, PDAF Camera macro: 2 MP, f/2.4 Camera góc sâu: 2 MP, f/2.4",5000.0,3990000.0,50,2,2
Samsung Galaxy Z Fold3 5G Chính Hãng,Samsung,256.0,12.0,Snapdragon 888 (5nm),6.23,"Tele: 12MP, F2.4",4400.0,41990000.0,12,0,0
Xiaomi Redmi Note 12 8GB 128GB Chính Hãng,Xiaomi,128.0,8.0,Qualcomm Snapdragon 685 (6 nm),6.67,50MP - 8MP - 2MP,5000.0,5990000.0,50,8,2
Xiaomi Redmi Pad SE 6GB 128GB Chính Hãng,Xiaomi,128.0,6.0,Snapdragon 680 4G (6 nm),11.0,8MP,8000.0,5990000.0,8,0,0
Realme 11 Pro (5G) 12GB 256GB Box,Realme,256.0,12.0,Dimensity 7050 (6 nm),6.7,100MP - 2MP,5000.0,7590000.0,100,2,0
iPhone 14 Pro Max 1TB VNA,Apple,512.0,6.0,Apple A16 Bionic,6.7,Camera chính: 48MP Camera góc siêu r?ng: 12MP Camera tele: 12MP,4352.0,0.0,48,12,12
Samsung Galaxy A73 (5G) 8GB 128GB Chính hãng,Samsung,128.0,8.0,Snapdragon 778G 5G 8 nhân,6.7,"Camera chính: 108 MP, f/1.8, PDAF, OIS Camera gó siêu r?ng: 12 MP, f/2.2 Camera macro: 5 MP, f/2.4 Camera chân dung: 5 MP, f/2.4",5000.0,0.0,108,12,5
TECNO Spark 20 (8+8GB/128GB) - Chính Hãng,Tecno,128.0,8.0,Helio G85 (12nm),6.6,50MP - 0.08MP,5000.0,3490000.0,50,8,0
Samsung Galaxy A04s (4G) 4GB 64GB chính hãng,Samsung,64.0,4.0,Exynos 850 (8nm),6.5,13+2+2 MP,5000.0,3790000.0,2,0,0
Xiaomi Redmi Note 12S 8GB 256GB Chính Hãng,Xiaomi,256.0,8.0,MediaTek Helio G96 8 nhân,6.43,108MP - 8MP - 2MP,5000.0,6990000.0,108,8,2
Xiaomi Poco X3 NFC 6GB 64GB Chính Hãng,Xiaomi,64.0,6.0,Qualcomm SM7150-AC Snapdragon 732G (8 nm),6.67,64MP - 13MP - 2MP - 2MP,5160.0,0.0,64,13,2
Xiaomi Redmi K60 Pro (5G) 8GB 128GB Likenew Fullbox,Xiaomi,128.0,8.0,Snapdragon 8 Gen 2 (4 nm),6.67,"Camera góc r?ng: 54MP, f/1.9, 1/1.49"", 1.0µm, PDAF, OIS Camera góc siêu r?ng: 8MP, 118°, 1/4"", 1.12µm Camera macro: 2 MP, f/2.4",5000.0,0.0,54,8,2
iPhone 14 Plus 256GB VNA,Apple,256.0,6.0,Apple A15 Bionic,6.7,Camera chính 12MP Camera góc siêu r?ng 12MP,4325.0,31990000.0,12,12,0
Xiaomi Redmi Note 14 (5G),Xiaomi,128.0,6.0,MediaTek Dimensity 8 nhân,6.67,108 MP - 2 MP,4610.0,0.0,108,2,0
Xiaomi Redmi K50 Ultra (5G) 12GB 512GB Box,Xiaomi,512.0,12.0,Qualcomm SM8475 Snapdragon 8+ Gen 1 (4 nm),6.67,108MP - 8MP - 2MP,5000.0,11950000.0,108,8,2
Xiaomi Redmi Note 12 Pro (5G) 8GB 128GB Box,Xiaomi,128.0,8.0,MediaTek Dimensity 1080 (6 nm),6.67,50Mp + 8MP + 2MP,5000.0,7990000.0,8,2,0
Xiaomi Poco X4 Pro (5G) 6GB 128GB Chính hãng 99%,Xiaomi,128.0,6.0,Snapdragon 695 5G 8 nhân,6.67,"Chính 108 MP & Ph? 8 MP, 2 MP",5000.0,0.0,108,8,2
Xiaomi Redmi Note 13 (5G) 8GB 256GB Box,Xiaomi,256.0,8.0,Mediatek Dimensity 6080 (6 nm),6.67,100MP – 2MP,5000.0,0.0,100,2,0
Realme GT Neo 5 SE 12GB 512GB Box,Realme,512.0,12.0,Snapdragon 7+ Gen 2,6.74,64MP – 8MP – 2MP,5500.0,8990000.0,64,8,2
Realme Q5 8GB 128GB Box,Realme,128.0,8.0,Snapdragon 695 5G 8 nhân,6.6,50MP + 2MP + 2MP,5000.0,0.0,50,2,2
Xiaomi Redmi K60 Pro (5G) 12GB 256GB Box,Xiaomi,256.0,12.0,Snapdragon 8 Gen 2 (4 nm),6.67,"Camera góc r?ng: 54MP, f/1.9, 1/1.49"", 1.0µm, PDAF, OIS Camera góc siêu r?ng: 8MP, 118°, 1/4"", 1.12µm Camera macro: 2 MP, f/2.4",5000.0,0.0,54,8,2
Xiaomi 13T 12GB 256GB Likenew Fullbox,Xiaomi,256.0,12.0,Dimensity 8200 Ultra (4 nm),6.67,50MP - 50MP - 12MP,5000.0,12990000.0,50,50,12
Samsung Galaxy A33 (5G) 8GB 128GB Chính hãng,Samsung,128.0,8.0,2 nhân 2.4 GHz & 6 nhân 2 GHz,6.4,"Camera chính: 48 MP, F1.8 Camera góc siêu r?ng: 8 MP, F2.2 Camera macro: 5 MP, F2.4 Camera chân dung: 2.0 MP, F2.4",5000.0,8490000.0,48,8,5
Xiaomi 13 (5G) 8GB 256GB Box,Xiaomi,256.0,8.0,Snapdragon 8 GEN 2,6.36,50MP – 10MP – 12MP,0.0,0.0,50,10,12
ZTE Nubia Z50 Ultra 12GB 512GB Box,ZTE,512.0,12.0,Snapdragon 8 Gen 2 (4 nm),6.8,64MP - 64MP - 50MP,5000.0,0.0,64,64,50
Realme C61 (4G) Chính Hãng,Realme,64.0,4.0,UNISOC T612,6.745,50MP,5000.0,0.0,50,0,0
Vivo iQOO Z9 Turbo 5G Box - BH 15 Tháng,Vivo,256.0,12.0,Snapdragon 8s Gen 3 (4 nm),6.78,50 MP - 8 MP,6000.0,8990000.0,50,8,0
Samsung Galaxy A03 Core 2GB 32GB Chính hãng,Samsung,32.0,2.0,Unisoc T606 8 nhân,6.5,Chính 48 MP & Ph? 2 MP,5000.0,2990000.0,48,2,0
ZTE Nubia Red Magic 9 Pro 12GB 256GB Box,ZTE,256.0,12.0,Snapdragon 8 Gen 3 (4 nm),6.8,50MP - 50MP - 2MP,6500.0,19990000.0,50,50,2
Xiaomi Redmi K40s (5G) 12GB 256GB,Xiaomi,256.0,12.0,Qualcomm Snapdragon 870,6.67,48MP + 8MP + 2MP,4500.0,7990000.0,48,8,2
Realme GT Neo 6 SE (5G) Box - B?o Hành 15 tháng,Realme,256.0,8.0,Octa-core (1x2.8 GHz Cortex-A715 & 4x2.6 GHz Cortex-A715 & 3x1.9 GHz Cortex-A510),6.78,50 MP - 8 MP,5500.0,7950000.0,50,8,0
Xiaomi Redmi K60 Ultra (5G) 16GB 512GB Box,Xiaomi,512.0,16.0,Mediatek Dimensity 9200+ (4 nm),6.67,50Mp + 8MP + 2MP,5000.0,0.0,8,2,0
Realme Narzo 50i 4GB 64GB Chính hãng,Realme,64.0,4.0,Octa-core 1.6 GHz,6.5,8.0 MP,5000.0,3190000.0,0,0,0
iPhone 14 Pro Max 256GB VNA,Apple,256.0,6.0,Apple A16 Bionic,6.7,Camera chính: 48MP Camera góc siêu r?ng: 12MP Camera tele: 12MP,4352.0,0.0,48,12,12
Realme Q5 8GB 256GB Box,Realme,256.0,8.0,Snapdragon 695 5G 8 nhân,6.6,50MP + 2MP + 2MP,5000.0,0.0,50,2,2
Samsung Galaxy A14 (4G) 4GB 128GB Chính Hãng,Samsung,128.0,4.0,Chip Exynos 850,6.6,50MP - 5MP - 2MP,5000.0,0.0,50,5,2
Xiaomi Redmi Note 12 Turbo 8GB 256GB Box,Xiaomi,256.0,8.0,Snapdragon 7+ Gen 2,6.67,64MP – 8MP – 2MP,5000.0,7990000.0,64,8,2
iPhone 14 Plus 128GB VNA,Apple,128.0,6.0,Apple A15 Bionic,6.7,Camera chính 12MP Camera góc siêu r?ng 12MP,4325.0,28990000.0,12,12,0
Realme 11 Pro (5G) 8GB 256GB Box,Realme,256.0,8.0,Dimensity 7050 (6 nm),6.7,100MP - 2MP,5000.0,6990000.0,100,2,0
Samsung Galaxy S24 Plus (5G) 12GB 256GB Chính Hãng,Samsung,256.0,12.0,Exynos 2400,6.7,50MP - 10MP - 12MP,4900.0,26990000.0,50,10,12
iPhone 14 Pro Max 128GB VNA,Apple,128.0,6.0,Apple A16 Bionic,6.7,Camera chính: 48MP Camera góc siêu r?ng: 12MP Camera tele: 12MP,4352.0,0.0,48,12,12
Xiaomi Redmi 12 (4G) 8GB 128GB Chính Hãng,Xiaomi,128.0,8.0,Mediatek Helio G88 (12nm),6.79,50MP - 8MP - 2MP,5000.0,4990000.0,50,8,2
Samsung Galaxy Z Fold6 (5G) 12GB 256GB Chính Hãng,Samsung,512.0,12.0,Snapdragon 8 Gen 3 (4 nm),6.3,50MP - 10MP - 12MP,4400.0,43990000.0,50,10,12
Xiaomi Mix Fold3 12GB 256GB Box,Xiaomi,256.0,12.0,Snapdragon 8 Gen 2 (4 nm),8.03,50MP - 10MP - 10MP - 12MP,4800.0,34990000.0,50,10,10
Xiaomi Redmi K70E 8GB 256GB Box,Xiaomi,256.0,8.0,Dimensity 8300 Ultra (4 nm),6.67,64MP - 8MP - 2MP,5500.0,9990000.0,64,8,2
Xiaomi Redmi K60e (5G) 12GB 256GB Box,Xiaomi,256.0,8.0,Mediatek Dimensity 8200 (4 nm),6.67,Triple cam (48MP + 2MP + 2MP),5500.0,10990000.0,48,2,2
Samsung Galaxy Z Flip6 (5G) 12GB 512GB Chính Hãng,Samsung,512.0,12.0,Snapdragon 8 Gen 3 (4 nm),3.4,50MP - 12MP,4000.0,32990000.0,50,12,0
Xiaomi Redmi Note 10S 8Gb 128GB Chính hãng,Xiaomi,128.0,8.0,MediaTek Helio G95,6.43,4 cam (64MP + 8MP +2MP + 2MP),5000.0,0.0,64,8,2
Xiaomi Redmi K60 (5G) 12GB 256GB Box,Xiaomi,256.0,12.0,Qualcomm SM8475 Snapdragon 8+ Gen 1 (4 nm),6.67,"Camera góc r?ng: 64MP, f/1.8, 1/2"", 0,7µm, PDAF, OIS Camera góc siêu r?ng: 8MP, 120°, 1/4"", 1,12µm Camera macro: 2MP, f/2.4",5500.0,12990000.0,64,8,2
Xiaomi Redmi Note 13 Pro (5G) 12GB 512GB Box,Xiaomi,512.0,12.0,Snapdragon 7s Gen 2,6.67,200MP + 8MP + 2MP,5100.0,6990000.0,200,8,2
Xiaomi Redmi Note 12 Pro Plus 12GB 256GB Likenew Fullbox,Xiaomi,256.0,12.0,Dimensity 1080 (6 nm),6.67,200MP - 8MP - 2MP,5000.0,8990000.0,200,8,2
Xiaomi Redmi 12C 4GB 64GB Chính Hãng,Xiaomi,64.0,4.0,MediaTek MT6769Z Helio G85 (12nm),6.71,50MP,5000.0,0.0,50,0,0
Nokia 5710 Xpress Audio,Nokia,128.0,48.0,Unisoc T107 (22 nm),2.4,0.3 MP,1450.0,1790000.0,3,0,0
Samsung Galaxy A03s 4GB 64GB Chính hãng,Samsung,64.0,4.0,Mediatek Helio P35,6.4,"Camera xóa phông: 2 MP, f/2.4, (depth)",5000.0,3690000.0,2,0,0
Realme GT Neo 3 12GB 256GB (150W) Box,Realme,256.0,12.0,MediaTek Dimensity 8100 (5 nm),6.7,50Mp + 8MP + 2MP,5000.0,7190000.0,8,2,0
Samsung Galaxy A24 (4G) 8GB 128GB Chính Hãng,Samsung,128.0,6.0,Mediatek MT8781 Helio G99 (6nm),6.5,50MP - 5MP - 2MP,5000.0,6990000.0,50,5,2
iPhone 12 64GB Chính hãng VN/A,Apple,64.0,4.0,Apple A14 Bionic (5nm),6.1,Dual 12 MP,2815.0,0.0,12,0,0
Xiaomi Pad 6s Pro Box- B?o hành 15 Tháng,Xiaomi,128.0,8.0,Snapdragon 8 Gen 2 (4 nm),12.4,50 MP - 2 MP,10000.0,17900000.0,50,2,0
Samsung Galaxy A05 (4G) 4GB 64GB Chính Hãng,Samsung,64.0,4.0,Helio G85,6.7,50MP - 2MP,5000.0,3090000.0,50,2,0
Samsung Galaxy A05S (4G) 4GB 128GB Chính Hãng,Samsung,128.0,4.0,Snapdragon 680 4G,6.7,50MP - 2MP - 2MP,5000.0,3990000.0,50,2,2
ZTE nubia Red Magic 8S Pro Plus 16GB 512GB Box,ZTE,512.0,16.0,ualcomm SM8550-AB Snapdragon 8 Gen 2 (4 nm),6.8,50MP - 8MP - 2MP,5000.0,21990000.0,50,8,2
Oppo Reno 8Z (5G) 8GB 256GB Chính Hãng,Oppo,256.0,8.0,Qualcomm SM6375 Snapdragon 695 5G (6 nm),6.43,64MP - 2MP - 2MP,4500.0,10490000.0,64,2,2
Xiaomi Poco C65 6GB 128GB Chính Hãng,Xiaomi,128.0,6.0,Helio G85 (12nm),6.74,50MP - 2MP - 0.08MP,5000.0,0.0,50,2,8
Samsung Galaxy S23 (5G) 8GB 256GB Chính Hãng,Samsung,256.0,8.0,Qualcomm SM8550 Snapdragon 8 Gen 2 (4 nm),6.1,50MP - 10MP - 12MP,3900.0,24990000.0,50,10,12
INOI A72 (4G) 4GB 128GB Chính Hãng,INOI,128.0,4.0,Unisoc T310,6.5,13MP - 2MP - 2MP,5000.0,2990000.0,13,2,2
Xiaomi Redmi K70 12GB 256G Box,Xiaomi,256.0,12.0,Snapdragon 8 Gen 2 (4 nm),6.67,50MP - 8MP - 2MP,5000.0,12990000.0,50,8,2
Xiaomi Redmi K60 Ultra (5G) 12GB 256GB Likenew FullBox,Xiaomi,256.0,12.0,Mediatek Dimensity 9200+ (4 nm),6.67,50Mp + 8MP + 2MP,5000.0,10990000.0,8,2,0
TECNO Camon 30 (12+12GB/256GB) - Chính Hãng,Tecno,256.0,8.0,Mediatek Helio G99 Ultimate,6.78,50 MP - 2 MP,5000.0,6990000.0,50,2,0
Xiaomi Redmi Note 12 Pro 8GB 256GB Chính Hãng,Xiaomi,256.0,8.0,Qualcomm SM7150 Snapdragon 732G (8 nm),6.67,108MP - 2MP - 2MP - 2MP,5000.0,7990000.0,108,2,2
iPhone 13 128GB chính hãng VN/A,Apple,128.0,4.0,Apple A15,6.1,"Camera góc siêu r?ng: 12MP, ƒ/2.4",3240.0,24490000.0,12,0,0
Samsung Galaxy A32 6GB 128GB Chính hãng,Samsung,128.0,6.0,Mediatek Helio G80,6.4,4 cam (64MP + 8MP + 5MP + 5MP),5000.0,0.0,64,8,5
Samsung Galaxy S22 Ultra (5G) 12GB 256GB Chính hãng,Samsung,256.0,12.0,Snapdragon 8 Gen 1 8 nhân,6.8,4 cam (108MP + 12MP + 10MP + 10 MP),5000.0,33990000.0,108,12,10
Xiaomi 12 8GB 256GB Chính Hãng,Xiaomi,256.0,8.0,Snapdragon 8 Gen 1 8 nhân,6.28,"Camera chính góc r?ng: 50 MP, f/1.9, PDAF, OIS Camera góc siêu r?ng: 13 MP, f/2.4 Camera macro: 5 MP, AF",4500.0,0.0,50,13,5
iPhone SE 3 2022 64GB,Apple,64.0,4.0,Apple A15 Bionic,4.7,12 MP,1821.0,0.0,12,0,0
Xiaomi Redmi K70 Pro 16GB 512GB Box,Xiaomi,512.0,16.0,Snapdragon 8 Gen 3 (4 nm),6.67,50MP - 50MP - 12MP,5000.0,19990000.0,50,50,12
Samsung Galaxy A25 (5G) 6GB 128GB Chính Hãng,Samsung,128.0,6.0,Exynos 1280 (5 nm),6.5,50MP - 8MP - 2MP,5000.0,6590000.0,50,8,2
Nokia 105 DS (2019),Nokia,4096.0,4.0,Unisoc T107,1.77,0,800.0,0.0,0,0,0
Samsung Galaxy S24 Ultra (5G) 12GB 512GB Chính Hãng,Samsung,512.0,12.0,Snapdragon 8 Gen 3 (4 nm),6.8,200MP - 50MP - 10MP - 12MP,5000.0,37490000.0,200,50,10
Xiaomi Redmi Note 11 Pro (5G) 8GB 128GB Chính hãng,Xiaomi,128.0,8.0,Snapdragon 695 5G 8 nhân,6.67,"Chính 108 MP & Ph? 8 MP, 2 MP",5000.0,8990000.0,108,8,2
Xiaomi 11 Lite (5G) 8GB 128GB Chính Hãng,Xiaomi,128.0,8.0,Qualcomm SM7350-AB Snapdragon 780G (5 nm),6.55,64MP,4250.0,0.0,64,0,0
Xiaomi 14 Ultra 16GB 512GB Chính Hãng,Xiaomi,512.0,12.0,Snapdragon 8 Gen 3,6.73,50 MP - 50 MP - 50 MP - 50 MP,5000.0,32990000.0,50,50,50
Xiaomi Redmi Note 13 Pro (4G) 8GB 128GB Chính Hãng,Xiaomi,128.0,8.0,Mediatek Helio G99 Ultra,6.67,200MP - 8MP - 2MP,5000.0,7290000.0,200,8,2
Xiaomi Redmi 13C 6GB 128GB Chính Hãng,Xiaomi,128.0,6.0,Mediatek MT6769Z Helio G85 (12nm),6.74,50MP - 2MP - 0.08MP,5000.0,3490000.0,50,2,8
Samsung Galaxy S23 Plus (5G) 8GB 512GB Chính Hãng,Samsung,512.0,8.0,Qualcomm SM8550 Snapdragon 8 Gen 2 (4 nm),6.6,50MP - 10MP - 12MP,4700.0,29990000.0,50,10,12
Realme C51 Chính Hãng,Realme,64.0,3.0,Unisoc Tiger T612 (12 nm),6.74,50MP - 0.0MP,5000.0,3990000.0,50,0,0
Samsung Galaxy A33 (5G) 6GB 128GB Chính hãng,Samsung,128.0,6.0,2 nhân 2.4 GHz & 6 nhân 2 GHz,6.4,"Camera chính: 48 MP, F1.8 Camera góc siêu r?ng: 8 MP, F2.2 Camera macro: 5 MP, F2.4 Camera chân dung: 2.0 MP, F2.4",5000.0,8490000.0,48,8,5
Samsung Galaxy A04 (4G) 3GB 32GB Chính hãng,Samsung,32.0,3.0,Helio P35,6.5,50MP + 2MP,5000.0,0.0,50,2,0
Realme GT Neo 5 SE 16GB 1TB Box,Realme,1024.0,16.0,Snapdragon 7+ Gen 2,6.74,64MP – 8MP – 2MP,5500.0,9990000.0,64,8,2
"Google Pixel 8 - Nguyên b?n, Tr? góp 0%, Khuy?n mãi 1% KH cu",Google,128.0,8.0,Google Tensor G3,6.1,50MP,4485.0,0.0,50,0,0
Xiaomi Redmi K70 Pro 12GB 256GB Box,Xiaomi,256.0,12.0,Snapdragon 8 Gen 3 (4 nm),6.67,50MP - 50MP - 12MP,5000.0,15990000.0,50,50,12
Xiaomi Redmi Note 14 Pro (5G),Xiaomi,128.0,8.0,Qualcomm Snapdragon 7xx 8 nhân,6.67,200 MP - 8 MP - 2 MP,5500.0,0.0,200,8,2
BPhone A40 4GB 64GB Chính hãng,BPhone,64.0,4.0,Helio G85,6.7,4 cam ( 16Mp + 2Mp + 5Mp + 2Mp ),5000.0,4490000.0,0,0,0
Oppo A16K 3GB 32GB Chính hãng,Oppo,32.0,3.0,MediaTek Helio G35,6.52,13 MP,4230.0,3690000.0,13,0,0
Realme C67 (4G) 8GB 128GB Chính Hãng,Realme,128.0,8.0,Qualcomm SM6225 Snapdragon 685 (6 nm),6.72,108 MP - 2 MP,5000.0,4990000.0,108,2,0
Samsung Galaxy A35 (5G) 8GB 128GB Chính Hãng,Samsung,128.0,8.0,Exynos 1380 (5 nm),6.6,50MP - 8MP - 5MP,5000.0,8290000.0,50,8,5
Xiaomi 13 Lite 8GB 128GB Chính Hãng,Xiaomi,128.0,8.0,Snapdragon 7 Gen 1 (4 nm),6.55,50Mp + 8MP + 2MP,4500.0,10990000.0,8,2,0
TECNO Pova 5 (8+8GB/128GB) - Chính Hãng,Tecno,128.0,8.0,MediaTek Helio G99 (6nm),6.78,50MP,6000.0,4990000.0,50,0,0
Xiaomi Redmi Note 12 (5G) 8GB 128GB Box,Xiaomi,128.0,8.0,Snapdragon 4 Gen 1,6.67,"48 MP, (góc r?ng), 0.8µm, PDAF 2 MP, f/2.4, (d? sâu) Quay phim: 1080p@30/60fps",5000.0,5490000.0,48,2,0
Xiaomi 13 (5G) 8GB 128GB Box,Xiaomi,128.0,8.0,Snapdragon 8 GEN 2,6.36,50MP – 10MP – 12MP,0.0,11990000.0,50,10,12
Xiaomi Redmi 10A 2GB 32GB Chính hãng,Xiaomi,32.0,2.0,MediaTek Helio G25,6.53,"13MP , f/2.2 Camera c?m bi?n d? sâu: 2MP, f/2.4",5000.0,0.0,13,2,0
iPhone SE 3 2022 128GB,Apple,128.0,4.0,Apple A15 Bionic,4.7,12 MP,2018.0,0.0,12,0,0
ZTE nubia Red Magic 8S Pro Plus 16GB 256GB Box,ZTE,256.0,16.0,ualcomm SM8550-AB Snapdragon 8 Gen 2 (4 nm),6.8,50MP - 8MP - 2MP,5000.0,19990000.0,50,8,2
Xiaomi Redmi K60e (5G) 12GB 512GB Box,Xiaomi,512.0,12.0,Mediatek Dimensity 8200 (4 nm),6.67,Triple cam (48MP + 2MP + 2MP),5500.0,10990000.0,48,2,2
iPhone 14 Pro Max 512GB VNA,Apple,512.0,6.0,Apple A16 Bionic,6.7,Camera chính: 48MP Camera góc siêu r?ng: 12MP Camera tele: 12MP,4352.0,0.0,48,12,12
Xiaomi Redmi K60 Ultra (5G) 12GB 256GB Box,Xiaomi,256.0,12.0,Mediatek Dimensity 9200+ (4 nm),6.67,50Mp + 8MP + 2MP,5000.0,0.0,8,2,0
Xiaomi Redmi 13 (4G) 6GB 128GB Chính Hãng,Xiaomi,128.0,6.0,Mediatek Helio G91 Ultra,6.79,108 MP - 2 MP,5030.0,4990000.0,108,2,0
Samsung Galaxy A14 (4G) 6GB 128GB Chính Hãng,Samsung,128.0,6.0,Chip Exynos 850,6.6,50MP - 5MP - 2MP,5000.0,0.0,50,5,2
Samsung Galaxy A03s 3GB 32GB Chính hãng,Samsung,32.0,3.0,Mediatek Helio P35,6.4,"Camera xóa phông: 2 MP, f/2.4, (depth)",5000.0,3390000.0,2,0,0
TECNO Spark Go 2024 (3+3GB/64GB) - Chính Hãng,Tecno,64.0,3.0,Unisoc T606 (12 nm),6.6,"13MP - 0,08MP",5000.0,1990000.0,13,8,0
Xiaomi Redmi K50 Ultra (5G) 12GB 256GB Box,Xiaomi,256.0,12.0,Qualcomm SM8475 Snapdragon 8+ Gen 1 (4 nm),6.67,108MP - 8MP - 2MP,5000.0,11950000.0,108,8,2
Xiaomi Redmi Note 13 (5G) 6GB 128GB Box - BH 15 Tháng,Xiaomi,128.0,6.0,Mediatek Dimensity 6080 (6 nm),6.67,100MP – 2MP,5000.0,4990000.0,100,2,0
Samsung Galaxy S22 Ultra (5G) 8GB 128GB Chính hãng,Samsung,128.0,8.0,Snapdragon 8 Gen 1 8 nhân,6.8,4 cam (108MP + 12MP + 10MP + 10 MP),5000.0,30990000.0,108,12,10
Nokia C30 3Gb 32Gb,Nokia,32.0,3.0,SC9863A 8 nhân 1.6GHz,6.82,13MP AF + 2MP FF C?m biê´n d? sâu,6000.0,3290000.0,13,2,0
Oppo Reno 7 Z (5G) 8GB 128GB Chính hãng,Oppo,128.0,8.0,Snapdragon 695 5G 8 nhân,6.43,"C?m 3 camera Chính 64 MP & Ph? 2 MP, 2 MP",4500.0,10490000.0,64,2,2
Xiaomi Pad 6 Pro 8GB 128GB Box,Xiaomi,128.0,8.0,Snapdragon 8+ Gen 1 (4 nm),11.0,50MP - 2MP,8600.0,9990000.0,50,2,0
Samsung Galaxy A33 (5G) 8GB 128GB Chính hãng cu,Samsung,128.0,8.0,2 nhân 2.4 GHz & 6 nhân 2 GHz,6.4,"Camera chính: 48 MP, F1.8 Camera góc siêu r?ng: 8 MP, F2.2 Camera macro: 5 MP, F2.4 Camera chân dung: 2.0 MP, F2.4",5000.0,8490000.0,48,8,5
Samsung Galaxy A54 (5G) 8GB 128GB Chính Hãng,Samsung,128.0,8.0,Exynos 1380,6.4,50MP -12MP - 5MP,5000.0,10490000.0,50,12,5
Realme GT Neo 5 (240W) 16Gb 1TB Box,Realme,1024.0,16.0,Qualcomm SM8475 Snapdragon 8+ Gen 1 (4 nm),6.74,50Mp + 8MP + 2MP,5000.0,0.0,8,2,0
Xiaomi Redmi K70 16GB 256G Box,Xiaomi,256.0,12.0,Snapdragon 8 Gen 2 (4 nm),6.67,50MP - 8MP - 2MP,0.0,12990000.0,50,8,2
Samsung Galaxy Z Fold6 (5G) 12GB 1TB Chính Hãng,Samsung,1024.0,12.0,Snapdragon 8 Gen 3 (4 nm),6.3,50MP - 10MP - 12MP,4400.0,54990000.0,50,10,12
Xiaomi Redmi Note 13 8GB 256GB Chính Hãng,Xiaomi,256.0,8.0,Qualcomm Snapdragon 685,6.67,108MP - 8MP - 2MP,5000.0,5990000.0,108,8,2
Xiaomi Redmi K60e (5G) 8GB 128GB Box,Xiaomi,128.0,8.0,Mediatek Dimensity 8200 (4 nm),6.67,Triple cam (48MP + 2MP + 2MP),5500.0,10990000.0,48,2,2
iPhone 12 128GB Chính hãng VN/A,Apple,128.0,4.0,Apple A14 Bionic (5nm),6.1,Dual 12 MP,2815.0,21600000.0,12,0,0
Xiaomi Redmi Note 13 (5G) 12GB 256GB Box,Xiaomi,256.0,12.0,Mediatek Dimensity 6080 (6 nm),6.67,100MP – 2MP,5000.0,6990000.0,100,2,0
Realme GT Neo 5 16Gb 1TB Box,Realme,1024.0,16.0,Qualcomm SM8475 Snapdragon 8+ Gen 1 (4 nm),6.74,50Mp + 8MP + 2MP,5000.0,0.0,8,2,0
Xiaomi Poco X5 Pro (5G) 6GB 128GB Chính Hãng,Xiaomi,128.0,6.0,Qualcomm SM7325 Snapdragon 778G 5G (6 nm),6.67,108MP - 8MP - 2MP,5000.0,8990000.0,108,8,2
Xiaomi Redmi Note 13 Pro (5G) 8GB 128GB Box,Xiaomi,128.0,8.0,Snapdragon 7s Gen 2,6.67,200MP + 8MP + 2MP,5100.0,6990000.0,200,8,2
Samsung Galaxy Z Flip4 (5G) 128GB Chính hãng,Samsung,128.0,8.0,Snapdragon 8+ Gen 1 (4 nm),6.7,"Camera góc r?ng: 12 MP, f/1.8, PDAF, OIS Camera góc siêu r?ng: 12 MP, f/2.2, 123°",3700.0,25990000.0,12,12,0
ZTE nubia Red Magic 8S Pro 12GB 256GB Box,ZTE,256.0,8.0,Snapdragon 8 Gen 2 (4 nm),6.8,50MP - 8MP - 2MP,6000.0,16990000.0,50,8,2
Xiaomi Redmi Note 13 Pro (4G) 8GB 256GB Chính Hãng,Xiaomi,256.0,8.0,Mediatek Helio G99 Ultra,6.67,200MP - 8MP - 2MP,5000.0,7990000.0,200,8,2
Xiaomi Pad 6 8GB 128GB Box,Xiaomi,128.0,8.0,Qualcomm SM8250-AC Snapdragon 870 5G (7 nm),11.0,13MP,8840.0,7590000.0,13,0,0
Xiaomi 13 Pro (5G) 8GB 128GB Box,Xiaomi,128.0,8.0,Snapdragon 8 Gen 2 (4 nm),6.73,50MP + 50MP + 50MP,4820.0,19990000.0,50,50,50
Samsung Galaxy Z Flip4 (5G) 256GB Chính hãng,Samsung,256.0,6.0,Snapdragon 8+ Gen 1 (4 nm),6.7,"Camera góc r?ng: 12 MP, f/1.8, PDAF, OIS Camera góc siêu r?ng: 12 MP, f/2.2, 123°",3700.0,23990000.0,12,12,0
Xiaomi Redmi Note 13 8GB 128GB Chính Hãng,Xiaomi,128.0,8.0,Qualcomm Snapdragon 685,6.67,108MP - 8MP - 2MP,5000.0,5290000.0,108,8,2
iPhone 11 128GB Chính hãng VN/A,Apple,128.0,4.0,Apple A13 Bionic (7 nm+),6.1,Dual 12 MP,3110.0,21690000.0,12,0,0
Samsung Galaxy S22 Plus (5G) 8GB 256GB Chính hãng,Samsung,256.0,8.0,Snapdragon 8 Gen 1 8 nhân,6.6,50MP – 10MP – 12MP,4800.0,27490000.0,50,10,12
Oppo Reno 12F (5G) Chi´nh Ha~ng,Oppo,256.0,12.0,Mediatek Dimensity 6300 (6 nm),6.67,50MP - 8MP - 2MP,5000.0,9490000.0,50,8,2
TECNO Camon 20 Pro (8+8GB/256GB) - Chính Hãng,Tecno,256.0,8.0,Mediatek MT8781 Helio G99 (6nm),6.67,64MP - 2MP,5000.0,4990000.0,64,2,0
Samsung Galaxy A23 (5G) 4GB 128GB Chính hãng,Samsung,128.0,4.0,Qualcomm SM6375 Snapdragon 695 5G (6 nm),6.6,50MP + 5MP + 2MP + 2MP,5000.0,6690000.0,50,5,2
Realme 10 Pro Plus 8GB 128GB Box,Realme,128.0,8.0,MediaTek Dimensity 1080 (6 nm),6.7,108MP - 8MP - 2MP,5000.0,0.0,108,8,2
Samsung Galaxy Z Flip5 8GB 512GB Chính Hãng,Samsung,512.0,8.0,Snapdragon 8 Gen 2 for Galaxy,6.7,12MP - 12MP,3700.0,29990000.0,12,12,0
Nokia G11 Plus 3GB 64GB Chính hãng,Nokia,64.0,3.0,Unisoc T606,6.52,"AI 50MP AF, f/1.8+ 2MP, c?m bi?n d? sâu tru?ng ?nh",5000.0,3590000.0,50,2,0
Xiaomi Redmi Note 11S 8GB 128GB Chính hãng,Xiaomi,128.0,8.0,MediaTek Helio G96 8 nhân,6.43,"Chính 108 MP & Ph? 8 MP, 2 MP, 2 MP",5000.0,0.0,108,8,2
Google Pixel 8 Pro Fullbox Qu?c T?,Google,128.0,12.0,Google Tensor G3,6.7,Triple (50MP + 64MP + 48MP),0.0,25990000.0,50,64,48
Xiaomi Redmi Note 13 Pro (5G) 12GB 256GB Box,Xiaomi,256.0,12.0,Snapdragon 7s Gen 2,6.67,200MP + 8MP + 2MP,5100.0,6590000.0,200,8,2
iPhone 14 Pro 512GB VNA,Apple,512.0,6.0,Apple A16 Bionic,6.1,Camera chính: 48MP Camera góc siêu r?ng: 12MP Camera tele: 12MP,3200.0,0.0,48,12,12
Xiaomi Redmi Note 12 4GB 128GB Chính Hãng,Xiaomi,128.0,4.0,Qualcomm Snapdragon 685 (6 nm),6.67,50MP - 8MP - 2MP,5000.0,4990000.0,50,8,2
iNoi 244 (4G) Chính Hãng,INOI,128.0,48.0,Unisoc T107,2.4,0.08MP,1200.0,0.0,8,0,0
Samsung Galaxy Z Flip6 (5G) 12GB 256GB Chính Hãng,Samsung,256.0,8.0,Snapdragon 8 Gen 3 (4 nm),3.4,50MP - 12MP,4000.0,28990000.0,50,12,0
Xiaomi Redmi Note 12 Pro (5G) 12GB 256GB Box,Xiaomi,256.0,12.0,MediaTek Dimensity 1080 (6 nm),6.67,50Mp + 8MP + 2MP,5000.0,0.0,8,2,0
Xiaomi 13 Pro (5G) 8GB 256GB Box,Xiaomi,256.0,8.0,Snapdragon 8 Gen 2 (4 nm),6.73,50MP + 50MP + 50MP,4820.0,0.0,50,50,50
Xiaomi Redmi A3 Chính Hãng - B?o Hành 18 Tháng,Xiaomi,64.0,3.0,Mediatek Helio G36 (12 nm),6.71,8MP - 0.08MP,5000.0,0.0,8,8,0
Xiaomi Redmi Note 13 Pro Plus (5G) 12GB 256GB Box,Xiaomi,256.0,12.0,Dimensity 7200 Ultra (4 nm),6.67,200MP - 8MP - 2MP,5000.0,7990000.0,200,8,2
Oscal Tiger 12 12GB 256GB Chính Hãng,Oscal,256.0,12.0,MediaTek Helio G99,6.78,64MP - 2MP,5000.0,4590000.0,64,2,0
Samsung Galaxy S24 Plus (5G) 12GB 512GB Chính Hãng,Samsung,512.0,12.0,Exynos 2400,6.7,50MP - 10MP - 12MP,4900.0,30490000.0,50,10,12
TECNO Pova 4 (4G) (8+8GB/128GB) - Chính Hãng,Tecno,128.0,8.0,Mediatek MT8781 Helio G99 (6nm),6.82,50MP,6000.0,4490000.0,50,0,0
Xiaomi Redmi Note 12 Turbo 12GB 512GB Box,Xiaomi,512.0,12.0,Qualcomm SM7475-AB Snapdragon 7+ Gen 2 (4 nm),6.67,64MP – 8MP – 2MP,5000.0,7990000.0,64,8,2
Samsung Galaxy S24 (5G) 8GB 256GB Chính Hãng,Samsung,256.0,8.0,Exynos 2400,6.2,50MP - 10MP - 12MP,4000.0,22990000.0,50,10,12
Oppo A95 8GB 128GB Chính hãng,Oppo,128.0,8.0,Qualcomm® Snapdragon™ 662,6.43,"Camera chính: 48MP, f/1.7, AF Camera chân dung: 2MP, f/2.4 Camera macro: 2MP, f/2.4",5000.0,6990000.0,48,2,2
Xiaomi Redmi 9A 2GB 32GB Chính hãng,Xiaomi,32.0,2.0,MediaTek Helio G25 8 nhân,6.53,13 MP,5000.0,0.0,13,0,0
Xiaomi Redmi A1 2GB 32GB Chính hãng,Xiaomi,32.0,2.0,MediaTek MT6761 (Helio A22),6.52,Chính 8MP & Ph? QVGA,5000.0,2190000.0,8,0,0
OPPO Reno6 (5G) 6GB 128GB Chính hãng,Oppo,128.0,8.0,MediaTek Dimensity 900 5G,6.43,"Chính 64 MP & Ph? 8 MP, 2 MP",4300.0,12990000.0,64,8,2
Realme 10 Pro Plus 8GB 256GB Box,Realme,256.0,8.0,MediaTek Dimensity 1080 (6 nm),6.7,108MP - 8MP - 2MP,5000.0,0.0,108,8,2
Oppo A57 4GB 128GB Chính Hãng,Oppo,128.0,4.0,Mediatek MT6765G Helio G35 (12 nm),6.56,13MP – 2MP,5000.0,4490000.0,13,2,0
BPhone A50 chính hãng,BPhone,128.0,4.0,Helio G85,6.7,4 cam ( 16Mp + 2Mp + 5Mp + 2Mp ),5000.0,0.0,0,0,0
Realme C55 (4G) 6GB 128GB Chính Hãng,Realme,128.0,6.0,Mediatek Helio G88 (12nm),6.72,64MP - 2MP,5000.0,4990000.0,64,2,0
Xiaomi Redmi 12 (4G) 4GB 128GB Chính Hãng,Xiaomi,128.0,4.0,Mediatek Helio G88 (12nm),6.79,50MP - 8MP - 2MP,5000.0,3990000.0,50,8,2
Xiaomi Redmi Note 13 Pro (5G) 8GB 256GB Chính Hãng,Xiaomi,256.0,8.0,Snapdragon 7s Gen 2,6.67,200MP + 8MP + 2MP,5100.0,9990000.0,200,8,2
Xiaomi 13 (5G) 8GB 256GB Chính Hãng,Xiaomi,256.0,8.0,Snapdragon 8 GEN 2,6.36,50MP – 10MP – 12MP,0.0,0.0,50,10,12
TECNO Camon 30 (8+8GB/256GB) - Chính Hãng,Tecno,256.0,8.0,Mediatek Helio G99 Ultimate,6.78,50 MP - 2 MP,5000.0,6490000.0,50,2,0
Xiaomi Redmi Turbo 3 Box - B?o hành 15 Tháng,Xiaomi,256.0,12.0,Snapdragon 8s Gen 3 (4 nm),6.67,50MP - 8MP - 2MP,5000.0,8490000.0,50,8,2
Samsung Galaxy S23 Ultra (5G) 12GB 512GB Chính Hãng,Samsung,512.0,12.0,Qualcomm SM8550 Snapdragon 8 Gen 2 (4 nm),6.8,200MP - 10MP - 10MP,5000.0,36990000.0,200,10,10
Xiaomi 13 Ultra 12GB 256GB Box,Xiaomi,256.0,12.0,Qualcomm SM8550-AB Snapdragon 8 Gen 2 (4 nm),6.73,50MP - 50MP - 50MP - 50MP,5000.0,20990000.0,50,50,50
BPhone A60 chính hãng,BPhone,128.0,6.0,Helio G85,6.7,4 cam ( 16Mp + 2Mp + 5Mp + 2Mp ),5000.0,6490000.0,0,0,0
Oppo A55 4GB 64GB Chính hãng,Oppo,64.0,4.0,MediaTek Helio G35,6.5,"Camera góc r?ng: 50 MP, f/2.2, 25mm 1/3.06"", 1.12µm, PDAF Camera c?n c?nh: 2 MP, f/2.4 Camera xóa phông: 2 MP, f/2.4",5000.0,4990000.0,50,2,2
Samsung Galaxy A03 (4G) 3GB 32GB Chính hãng,Samsung,32.0,3.0,Unisoc T606 8 nhân,6.5,Chính 48 MP & Ph? 2 MP,5000.0,2990000.0,48,2,0
Oppo Reno 8T (5G) 8GB 128Gb Chính Hãng,Oppo,128.0,8.0,Qualcomm SM6375 Snapdragon 695 5G (6 nm),6.7,108MP - 2MP - 2MP,4800.0,9990000.0,108,2,2
Xiaomi Mi 10T Pro (5G) 8GB 256GB Chính Hãng,Xiaomi,256.0,8.0,Qualcomm SM8250 Snapdragon 865 5G (7 nm+),6.67,108MP – 13MP – 5MP,5000.0,0.0,108,13,5
Realme GT Neo 3 12GB 256GB (80W) Box,Realme,256.0,12.0,MediaTek Dimensity 8100 (5 nm),6.7,50Mp + 8MP + 2MP,5000.0,0.0,8,2,0
Xiaomi Mix Fold2 12GB 256GB Box,Xiaomi,256.0,12.0,Snapdragon 8+ Gen 1 (4 nm),8.02,50MP - 8MP - 13MP,4500.0,30990000.0,50,8,13
Xiaomi Pad 6 Pro 12GB 256GB Box,Xiaomi,256.0,12.0,Snapdragon 8+ Gen 1 (4 nm),11.0,50MP - 2MP,8600.0,12990000.0,50,2,0
Samsung Galaxy A34 (5G) 8GB 256GB Chính Hãng,Samsung,256.0,8.0,Dimensity 1080,6.6,48MP - 8MP - 5MP,5000.0,9990000.0,48,8,5
Samsung Galaxy A34 (5G) 8GB 128GB Chính Hãng,Samsung,128.0,8.0,Dimensity 1080,6.6,48MP - 8MP - 5MP,5000.0,8490000.0,48,8,5
Xiaomi 13 Pro 12GB 256GB Chính Hãng,Xiaomi,256.0,12.0,Snapdragon 8 Gen 2 (4 nm),6.73,50MP + 50MP + 50MP,4820.0,0.0,50,50,50
Xiaomi Redmi Note 13 6GB 128GB Chính Hãng,Xiaomi,128.0,6.0,Qualcomm Snapdragon 685,6.67,108MP - 8MP - 2MP,5000.0,4890000.0,108,8,2
Oppo A58 (4G) 6GB 128GB Chính Hãng,Oppo,128.0,6.0,Mediatek MT6769 Helio G85 (12nm),6.72,50 MP - 2 MP,5000.0,5690000.0,50,2,0
ZTE Blade V50 Design 8GB 128GB Chính Hãng,ZTE,128.0,8.0,Unisoc T606 Octa-Core 1.6GHz,6.6,50MP - 2MP - 2MP,5000.0,2990000.0,50,2,2
OPPO A18 4GB 64GB Chính Hãng,Oppo,64.0,4.0,Mediatek MT6769 Helio G85 (12nm),6.56,"8 MP - 2 MP,",5000.0,3990000.0,8,2,0
Xiaomi Redmi K60 (5G) 8GB 256GB Box,Xiaomi,256.0,8.0,Qualcomm SM8475 Snapdragon 8+ Gen 1 (4 nm),6.67,"Camera góc r?ng: 64MP, f/1.8, 1/2"", 0,7µm, PDAF, OIS Camera góc siêu r?ng: 8MP, 120°, 1/4"", 1,12µm Camera macro: 2MP, f/2.4",5500.0,0.0,64,8,2
Samsung Galaxy M34 (5G) 8GB 128GB Chính Hãng,Samsung,128.0,8.0,Exynos 1280,6.5,50MP - 8GB - 2MP,6000.0,7990000.0,50,2,0
Oppo A38 4GB 64GB Chính Hãng,Oppo,64.0,4.0,Lõi tám (2x2.0 GHz Cortex-A75 & 6x1.8 GHz Cortex-A55),6.56,50 MP - 2 MP,5000.0,3990000.0,50,2,0
ZTE Nubia V60 Design (6+10GB/ 256GB) Chính Hãng,ZTE,256.0,16.0,Unisoc T606,6.6,50 MP - 2 MP,5000.0,0.0,50,2,0
Samsung Galaxy A55 (5G) 8GB 128GB Chính Hãng,Samsung,128.0,8.0,Exynos 1480,6.6,50MP - 12MP - 5MP,5000.0,9990000.0,50,12,5
Xiaomi Redmi K60 (5G) 16GB 256GB Box,Xiaomi,256.0,16.0,Qualcomm SM8475 Snapdragon 8+ Gen 1 (4 nm),6.67,"Camera góc r?ng: 64MP, f/1.8, 1/2"", 0,7µm, PDAF, OIS Camera góc siêu r?ng: 8MP, 120°, 1/4"", 1,12µm Camera macro: 2MP, f/2.4",5500.0,9990000.0,64,8,2
Xiaomi 12S Ultra (5G) 8GB 256GB Box,Xiaomi,256.0,8.0,Qualcomm SM8475 Snapdragon 8+ Gen 1 (4 nm),6.73,50MP - 48MP - 48MP,4860.0,0.0,50,48,48
Xiaomi 11T Pro (5G) 12GB 256GB Chính Hãng (Dimensity 8100),Xiaomi,256.0,12.0,Qualcomm SM8350 Snapdragon 888 5G (5 nm),6.67,108MP – 8MP – 5MP,5000.0,0.0,108,8,5
iPhone 14 Pro 256GB VNA,Apple,256.0,6.0,Apple A16 Bionic,6.1,Camera chính: 48MP Camera góc siêu r?ng: 12MP Camera tele: 12MP,3200.0,0.0,48,12,12
Xiaomi 12S Pro 8GB 128GB Box,Xiaomi,128.0,8.0,Snapdragon 8+ Gen 1 (4 nm),6.73,50MP - 50MP - 50MP,4600.0,0.0,50,50,50
Realme GT Neo 5 SE 8GB 256GB Box,Realme,256.0,8.0,Snapdragon 7+ Gen 2,6.74,64MP – 8MP – 2MP,5500.0,0.0,64,8,2
Xiaomi Redmi Note 12 Pro (5G) 8GB 256GB Box,Xiaomi,256.0,8.0,MediaTek Dimensity 1080 (6 nm),6.67,50Mp + 8MP + 2MP,5000.0,0.0,8,2,0
Samsung Galaxy S22 Ultra (5G) 12GB 512GB Chính hãng,Samsung,512.0,12.0,Snapdragon 8 Gen 1 8 nhân,6.8,4 cam (108MP + 12MP + 10MP + 10 MP),5000.0,36990000.0,108,12,10
Oppo Reno 10 Pro (5G) 12GB 256GB Chính Hãng,Oppo,256.0,12.0,Qualcomm SM7325 Snapdragon 778G 5G (6 nm),6.7,50MP - 32MP - 8MP,4600.0,14990000.0,50,32,8
Xiaomi Redmi Note 13 Pro Plus (5G) 16GB 512GB Box,Xiaomi,512.0,16.0,Dimensity 7200 Ultra (4 nm),6.67,200MP - 8MP - 2MP,5000.0,0.0,200,8,2
Xiaomi Redmi Note 13 Pro (5G) 8GB 256GB Box,Xiaomi,256.0,8.0,Snapdragon 7s Gen 2,6.67,200MP + 8MP + 2MP,5100.0,6990000.0,200,8,2
Xiaomi Pad 6 6GB 128GB Box,Xiaomi,128.0,6.0,Qualcomm SM8250-AC Snapdragon 870 5G (7 nm),11.0,13MP,8840.0,7990000.0,13,0,0
Realme GT Neo 5 16Gb 256GB Box,Realme,256.0,16.0,Qualcomm SM8475 Snapdragon 8+ Gen 1 (4 nm),6.74,50Mp + 8MP + 2MP,5000.0,12990000.0,8,2,0
Realme Q5 Pro 8GB 128GB Box,Realme,128.0,8.0,Qualcomm SM8250-AC Snapdragon 870 5G (7 nm),6.62,64MP – 8MP – 2MP,5000.0,0.0,64,8,2
Samsung Galaxy S23 FE 8GB 128GB Chính Hãng,Samsung,128.0,8.0,Exynos 2200 (4 nm),6.4,50MP - 8MP - 12MP,4500.0,14990000.0,50,8,12
iPhone 15 Pro Max 256GB VN/A,Apple,256.0,8.0,A17 Pro,6.7,"Camera chính: 48MP, 24 mm, ƒ/1.78, Camera góc siêu r?ng: 12 MP, 13 mm, ƒ/2.2",4422.0,36990000.0,48,12,0
Realme GT Neo 6 12GB 256GB Box - B?o Hành 15 tháng,Realme,256.0,12.0,Qualcomm SM8635 Snapdragon 8s Gen 3 (4 nm),6.78,50 MP - 8 MP,5500.0,9690000.0,50,8,0
Xiaomi Redmi Note 12 (5G) 6GB 128GB Box,Xiaomi,128.0,6.0,Snapdragon 4 Gen 1,6.67,"48 MP, (góc r?ng), 0.8µm, PDAF 2 MP, f/2.4, (d? sâu) Quay phim: 1080p@30/60fps",5000.0,4990000.0,48,2,0
Nokia 110 DS 4G,Nokia,128.0,48.0,Unisoc T107,1.8,0.08 MP,1020.0,810000.0,8,0,0
Realme 11 Pro Plus (5G) 12GB 256GB Box,Realme,256.0,12.0,Dimensity 7050 (6 nm),6.7,200MP + 8MP + 2MP,5000.0,8990000.0,200,8,2
Xiaomi 13 Pro (5G) 12GB 256GB Box,Xiaomi,256.0,12.0,Snapdragon 8 Gen 2 (4 nm),6.73,50MP + 50MP + 50MP,4820.0,0.0,50,50,50
Realme GT Neo 5 12GB 256GB Box,Realme,256.0,12.0,Qualcomm SM8475 Snapdragon 8+ Gen 1 (4 nm),6.74,50Mp + 8MP + 2MP,5000.0,12990000.0,8,2,0
Nokia 110 4G Pro (2023) Chính Hãng,Nokia,128.0,48.0,Unisoc T107,1.77,QVGA,1450.0,710000.0,0,0,0
Nokia C32 4GB 128GB Chính Hãng,Nokia,128.0,4.0,Unisoc SC9863A,6.5,50.0 MP + 2.0 MP,5000.0,3290000.0,0,0,0
TECNO Spark 10 Pro (8+8GB/128GB) - Chính Hãng,Tecno,128.0,8.0,Mediatek Helio G88 (12nm),6.8,50MP - 0.8MP,5000.0,3990000.0,50,8,0
Samsung Galaxy Z Fold5 12GB 512GB Chính Hãng,Samsung,512.0,12.0,Snapdragon 8 Gen 2 for Galaxy,7.6,50MP - 12MP - 12MP,4400.0,44990000.0,50,12,12
Xiaomi Civi 3 12GB 256GB Box,Xiaomi,256.0,12.0,Mediatek Dimensity 8200 Ultra (4 nm),6.55,50MP – 8MP – 2MP,4500.0,8990000.0,50,8,2
TECNO Spark 20 Pro+ (8+8GB/256GB) - Chính Hãng,Tecno,256.0,8.0,Mediatek Helio G99 Ultimate,6.78,108MP - 2MP - 32MP,5000.0,5490000.0,108,2,32
Xiaomi Redmi K60 Pro (5G) 8GB 256GB Box,Xiaomi,256.0,8.0,Snapdragon 8 Gen 2 (4 nm),6.67,"Camera góc r?ng: 54MP, f/1.9, 1/1.49"", 1.0µm, PDAF, OIS Camera góc siêu r?ng: 8MP, 118°, 1/4"", 1.12µm Camera macro: 2 MP, f/2.4",5000.0,0.0,54,8,2
INOI A83 (4G) 6GB 128GB Chính Hãng,INOI,128.0,6.0,Unisoc T606,6.5,48MP - 2MP - 2MP,4000.0,2590000.0,48,2,2
Oppo A17K 3GB 64GB Chính Hãng,Oppo,64.0,3.0,Mediatek MT6765 Helio G35 (12 nm),6.56,"8 MP, f/2.0",5000.0,3290000.0,8,0,0
Samsung Galaxy S24 Ultra (5G) 12GB 1TB Chính Hãng,Samsung,1024.0,12.0,Snapdragon 8 Gen 3 (4 nm),6.8,200MP - 50MP - 10MP - 12MP,5000.0,44490000.0,200,50,10
iPhone 15 256GB VN/A,Apple,256.0,6.0,6-core CPU,6.1,Camera chính: 48MP Camerra góc r?ng: 12MP Camera Tele: 12MP,3349.0,0.0,48,12,12
Nokia 105 4G Pro (2023) Chính Hãng,Nokia,128.0,48.0,Unisoc T107,1.8,QQVGA (120 x 160 Pixels),1450.0,780000.0,0,0,0
iPhone 11 64GB chính hãng VN/A,Apple,64.0,4.0,Apple A13 Bionic (7 nm+),6.1,Dual 12 MP,3110.0,14990000.0,12,0,0
ZTE nubia Red Magic 8S Pro 8GB 256GB Box,ZTE,256.0,8.0,Snapdragon 8 Gen 2 (4 nm),6.8,50MP - 8MP - 2MP,6000.0,16990000.0,50,8,2
Nokia G11 Plus 3GB 32GB Chính hãng,Nokia,32.0,3.0,Unisoc T606,6.52,"AI 50MP AF, f/1.8+ 2MP, c?m bi?n d? sâu tru?ng ?nh",5000.0,3390000.0,50,2,0
Oppo A77s 8GB 128GB Chính Hãng,Oppo,128.0,8.0,Qualcomm SM6225 Snapdragon 680 4G (6 nm),6.56,50.0 MP + 2.0 MP,5000.0,6290000.0,0,0,0
Xiaomi 12T 8GB 128GB Chính hãng,Xiaomi,128.0,8.0,MediaTek Dimensity 8100-Ultra,6.67,108MP - 8MP - 2MP,5000.0,12490000.0,108,8,2
Xiaomi Redmi K50 (5G) 12GB 256GB Box,Xiaomi,256.0,12.0,MediaTek Dimensity 8100 (5 nm),6.67,48MP + 8MP + 2MP,5500.0,9490000.0,48,8,2
Samsung Galaxy S23 Plus (5G) 8GB 256GB Chính Hãng,Samsung,256.0,8.0,Qualcomm SM8550 Snapdragon 8 Gen 2 (4 nm),6.6,50MP - 10MP - 12MP,4700.0,26990000.0,50,10,12
TCL 406S 4GB 64GB Chính Hãng,TCL,64.0,4.0,Helio G25,6.6,13MP - 2MP,5000.0,2190000.0,13,2,0
Xiaomi Redmi Note 12 Pro Plus 8GB 256GB Likenew Fullbox,Xiaomi,256.0,8.0,Mediatek MT6877V Dimensity 1080 (6 nm) 8 nhân (2x2.6 GHz & 6x2.0 GHz),6.78,200 MP,5000.0,7990000.0,200,0,0
TECNO Pova 6 (8+8GB/256GB) - Chính Hãng,Tecno,256.0,8.0,MTK Helio G99 Ultimate,6.78,108 MP,6000.0,6490000.0,108,0,0
Samsung Galaxy A14 (5G) 4GB 128GB Chính Hãng,Samsung,128.0,4.0,MediaTek MT6833 Dimensity 700 (7 nm),6.6,50MP + 2MP + 2MP,5000.0,0.0,50,2,2
Xiaomi Pad 6 Pro 8GB 256GB Box,Xiaomi,256.0,8.0,Snapdragon 8+ Gen 1 (4 nm),11.0,50MP - 2MP,8600.0,9990000.0,50,2,0
INOI A54 4GB 128GB Chính Hãng,INOI,128.0,4.0,MediaTek G88,6.75,50MP - 16MP -8MP,5000.0,0.0,50,16,8
Xiaomi Redmi Note 11 Pro (4G) 8GB 128GB Chính hãng,Xiaomi,128.0,8.0,MediaTek Helio G96 8 nhân,6.67,"Camera góc r?ng: 108 MP, f/1.9, PDAF Camera góc siêu r?ng: 8 MP Camera Tele: 2 MP, f/2.4",5000.0,0.0,108,8,2
ZTE Nubia Red Magic 9 Pro Plus 16GB 256GB Box,ZTE,256.0,16.0,Snapdragon 8 Gen 3 (4 nm),6.8,50MP - 50MP - 2MP,5500.0,0.0,50,50,2
Samsung Galaxy A23 (4G) 4GB 128GB Chính hãng,Samsung,128.0,4.0,Snapdragon 680 (SM6225),6.6,50MP + 5MP + 2MP + 2MP,5000.0,5690000.0,50,5,2
Xiaomi Redmi K60 Ultra (5G) 16GB 1TB Box,Xiaomi,1024.0,16.0,Mediatek Dimensity 9200+ (4 nm),6.67,50Mp + 8MP + 2MP,5000.0,0.0,8,2,0
Oppo Reno 11 F (5G) 8GB 256GB Chính Hãng,Oppo,256.0,8.0,Octa-core (2x2.6 GHz Cortex-A78 & 6x2.0 GHz Cortex-A55),6.7,64 MP - 8MP - 2MP,5000.0,8690000.0,64,8,2
Xiaomi Redmi 13C 4GB 128GB Chính Hãng,Xiaomi,128.0,4.0,Mediatek MT6769Z Helio G85 (12nm),6.74,50MP - 2MP - 0.08MP,5000.0,3590000.0,50,2,8
Samsung Galaxy A24 (4G) 6GB 128GB Chính Hãng,Samsung,128.0,6.0,Mediatek MT8781 Helio G99 (6nm),6.5,50MP - 5MP - 2MP,5000.0,6490000.0,50,5,2
Samsung Galaxy S23 Ultra (5G) 8GB 256GB Chính Hãng,Samsung,256.0,8.0,Qualcomm SM8550 Snapdragon 8 Gen 2 (4 nm),6.8,200MP - 10MP - 10MP,5000.0,31990000.0,200,10,10
TECNO Spark 6 GO 4GB 64GB Chính hãng,Tecno,64.0,4.0,MediaTek MT6762D Helio A25 (12 nm),6.52,13MP,5000.0,0.0,13,0,0
Oppo Reno 12 (5G) Chi´nh Ha~ng,Oppo,256.0,12.0,Mediatek Dimensity 7300 Energy (4 nm),6.7,50 MP - 8 MP - 2 MP,5000.0,12990000.0,50,8,2
TECNO Pova 5 (8+8GB/256GB) - Chính Hãng,Tecno,256.0,8.0,MediaTek Helio G99 (6nm),6.78,50MP,6000.0,5990000.0,50,0,0
Oppo Reno 8T (4G) 8GB 256GB Chính Hãng,Oppo,256.0,8.0,MediaTek Helio G99 (6nm),6.43,100MP - 2MP - 2MP,5000.0,8990000.0,100,2,2
TECNO Camon 20 (8+8GB/256GB) - Chính Hãng,Tecno,256.0,8.0,MediaTek MT6769Z Helio G85 (12nm),6.67,64MP - 2MP,5000.0,4990000.0,64,2,0
Samsung Galaxy A42 5G Hàn Cu 99%,Samsung,128.0,4.0,Qualcomm SM7225 Snapdragon 750 5G (8 nm),6.6,"Chính 48 MP & Ph? 12 MP, 5 MP, 5 MP",5000.0,3290000.0,48,12,5
Nokia 105 DS 4G,Nokia,128.0,48.0,Unisoc T107,1.8,0,1020.0,710000.0,0,0,0
ZTE Blade A54 4GB 128GB Chính Hãng,ZTE,128.0,4.0,Unisoc SC9863A,6.6,13MP - 2MP,5000.0,2290000.0,13,2,0
Xiaomi Redmi K50 (5G) 8GB 256GB Box,Xiaomi,256.0,8.0,MediaTek Dimensity 8100 (5 nm),6.67,48MP + 8MP + 2MP,5500.0,9490000.0,48,8,2
Nubia Red Magic 8 Pro 8GB 256GB Box,ZTE,256.0,8.0,Chipset Qualcomm SM8550-AB,6.8,50MP - 8MP - 2MP,0.0,0.0,50,8,2
Oppo A78 (4G) 8GB 256GB Chính Hãng,Oppo,256.0,8.0,Snapdragon 680 4G (6nm),6.43,50 MP - 2 MP,5000.0,6990000.0,50,2,0
iPhone 14 256GB chính hãng VNA,Apple,256.0,6.0,Apple A15 Bionic,6.1,Camera góc r?ng: 12MP Camera góc siêu r?ng: 12MP,3279.0,28990000.0,12,12,0
Xiaomi Poco X5 (5G) 6GB 128Gb Chính Hãng,Xiaomi,128.0,6.0,Qualcomm SM6375 Snapdragon 695 5G (6 nm),6.67,48MP - 8MP - 2MP,5000.0,6990000.0,48,8,2
ZTE Blade V50 Design 8GB 256GB Chính Hãng,ZTE,128.0,8.0,Unisoc T606 Octa-Core 1.6GHz,6.6,50MP - 2MP - 2MP,5000.0,3290000.0,50,2,2
Samsung Galaxy S22 Plus (5G) 8GB 128GB Chính hãng,Samsung,128.0,8.0,Snapdragon 8 Gen 1 8 nhân,6.6,50MP – 10MP – 12MP,4500.0,25990000.0,50,10,12
Xiaomi Redmi Note 12 Turbo 16GB 1TB Box,Xiaomi,1024.0,16.0,Qualcomm SM7475-AB Snapdragon 7+ Gen 2 (4 nm),6.67,64MP – 8MP – 2MP,5000.0,7990000.0,64,8,2
Xiaomi Redmi Note 13 Pro Plus (5G) 12GB 512GB Box,Xiaomi,512.0,12.0,Dimensity 7200 Ultra (4 nm),6.67,200MP - 8MP - 2MP,5000.0,8590000.0,200,8,2
Xiaomi Redmi Note 12 Turbo 12GB 256GB Box,Xiaomi,256.0,12.0,Qualcomm Snapdragon 7+ Gen 2,6.67,64MP – 8MP – 2MP,5000.0,6990000.0,64,8,2
iPhone 13 256GB Chính hãng VN/A,Apple,256.0,4.0,Apple A15 Bionic Chip,6.1,C?m bi?n LiDAR,3240.0,27990000.0,0,0,0
iPhone 15 Pro 128GB VN/A,Apple,128.0,8.0,A17 Bionic,6.1,"48MP, 24 mm, ƒ/1.78, Camera góc siêu r?ng: 12 MP, 13 mm, ƒ/2.2 Camera Tele 3x: 12 MP, 77 mm, ƒ/2.8 Camera Tele 2x: 12 MP, 48 mm, ƒ/1.78",3274.0,30990000.0,48,12,12
Xiaomi Redmi K40s (5G) 8GB 256GB Box,Xiaomi,256.0,8.0,Qualcomm Snapdragon 870,6.67,48MP + 8MP + 2MP,4500.0,8450000.0,48,8,2
ZTE Blade A55 Chính Hãng,ZTE,64.0,4.0,Unisoc SC9863A1,6.75,13MP + Camera AI,5000.0,0.0,13,0,0
Xiaomi 13 (5G) 12GB 256GB Box,Xiaomi,256.0,12.0,Snapdragon 8 GEN 2,6.36,50MP – 10MP – 12MP,0.0,16990000.0,50,10,12
Samsung Galaxy S22 (5G) 8GB 128GB Chính hãng,Samsung,128.0,8.0,Snapdragon 8 Gen 1 8 nhân,6.1,50MP – 10MP – 12MP,3700.0,21990000.0,50,10,12
Realme Q5 Pro 8GB 256GB Box,Realme,256.0,8.0,Qualcomm SM8250-AC Snapdragon 870 5G (7 nm),6.62,64MP – 8MP – 2MP,5000.0,0.0,64,8,2
Oppo Reno 10 (5G) 8GB 128GB Chính Hãng,Oppo,128.0,8.0,Dimensity 7050,6.7,64MP - 32MP - 8MP,5000.0,10990000.0,64,32,8
Samsung Galaxy A13 (4G) 4GB 128GB chính hãng,Samsung,128.0,4.0,Exynos 850,6.6,50MP + 5MP + 2MP + 2MP,5000.0,0.0,50,5,2
Xiaomi Redmi K60 Ultra (5G) 24GB 1TB Box,Xiaomi,1024.0,24.0,Mediatek Dimensity 9200+ (4 nm),6.67,50Mp + 8MP + 2MP,5000.0,0.0,8,2,0
Nubia Red Magic 8 Pro Plus 12GB 256GB Box (Snapdragon 8 Gen 2),ZTE,256.0,12.0,Qualcomm Snapdragon 8+ Gen 2 (4 nm),6.8,50MP - 8MP - 2MP,5000.0,0.0,50,8,2
Xiaomi Redmi Note 13 (5G) 8GB 128GB Box - BH 15 Tháng,Xiaomi,128.0,8.0,Mediatek Dimensity 6080 (6 nm),6.67,100MP – 2MP,5000.0,5990000.0,100,2,0
Samsung Galaxy A04e 3GB 32GB Chính Hãng,Samsung,32.0,3.0,Mediatek MT6765 Helio P35 (12nm),6.5,13 MP - 2 MP,5000.0,3990000.0,13,2,0
Xiaomi Redmi K60 Pro (5G) 8GB 128GB Box,Xiaomi,128.0,8.0,Snapdragon 8 Gen 2 (4 nm),6.67,"Camera góc r?ng: 54MP, f/1.9, 1/1.49"", 1.0µm, PDAF, OIS Camera góc siêu r?ng: 8MP, 118°, 1/4"", 1.12µm Camera macro: 2 MP, f/2.4",5000.0,10990000.0,54,8,2
Xiaomi Redmi Note 13 Pro Plus (5G) 12GB 256GB Chính Hãng,Xiaomi,256.0,12.0,Dimensity 7200 Ultra (4 nm),6.67,200MP - 8MP - 2MP,5000.0,10990000.0,200,8,2
Xiaomi Redmi Note 12 Pro (5G) 6GB 128GB Box,Xiaomi,128.0,6.0,MediaTek Dimensity 1080 (6 nm),6.67,50Mp + 8MP + 2MP,5000.0,0.0,8,2,0
Samsung Galaxy Z Fold5 12GB 256GB Chính Hãng,Samsung,256.0,12.0,Snapdragon 8 Gen 2 for Galaxy,7.6,50MP - 12MP - 12MP,4400.0,40990000.0,50,12,12
ZTE Blade A34 2GB 64GB Chính Hãng,ZTE,64.0,2.0,Unisoc SC9863A,6.6,5MP - 2MP,5000.0,1790000.0,5,2,0
Samsung Galaxy Z Fold6 (5G) 12GB 512GB Chính Hãng,Samsung,512.0,12.0,Snapdragon 8 Gen 3 (4 nm),6.3,50MP - 10MP - 12MP,4400.0,47990000.0,50,10,12
TECNO Spark 10 Pro (8+8GB/256GB) - Chính Hãng,Tecno,256.0,8.0,Mediatek Helio G88 (12nm),6.8,50MP - 0.8MP,5000.0,4990000.0,50,8,0
TECNO Spark 20C (4+4GB/128GB) - Chính Hãng,Tecno,128.0,4.0,Mediatek,6.6,50MP - 0.08MP,5000.0,2690000.0,50,8,0
Xiaomi Redmi Note 12 Turbo 16GB 256GB Box,Xiaomi,256.0,16.0,Qualcomm SM7475-AB Snapdragon 7+ Gen 2 (4 nm),6.67,64MP – 8MP – 2MP,5000.0,9090000.0,64,8,2
Samsung Galaxy S24 Ultra (5G) 12GB 256GB Chính Hãng,Samsung,256.0,12.0,Snapdragon 8 Gen 3 (4 nm),6.8,200MP - 50MP - 10MP - 12MP,5000.0,33990000.0,200,50,10
Xiaomi 14 (5G) 12GB 256GB Chính Hãng,Xiaomi,256.0,12.0,Qualcomm Snapdragon 8 Gen 3 (4 nm),6.36,50MP - 50MP - 50MP,4610.0,22990000.0,50,50,50
Samsung Galaxy A15 (4G)  8GB 128GB Chính Hãng,Samsung,128.0,8.0,Mediatek Helio G99,6.5,50MP - 5MP - 2MP,5000.0,4990000.0,50,5,2
Xiaomi Redmi Pad SE 8GB 128GB Box,Xiaomi,128.0,8.0,Snapdragon 680 4G (6 nm),11.0,8MP,8000.0,4990000.0,8,0,0
Oppo A74 8GB 128GB Chính hãng,Oppo,128.0,8.0,"Qualcomm Snapdragon 662, t?i da 2.0GHz",6.43,"Camera chính: 48 MP, f/1.7 Camera c?n c?nh: 2 MP, f/2.4 Camera don s?c: 2 MP, f/2.4",5000.0,6990000.0,48,2,2
iPhone 13 256GB Chính Hãng VN/A,Apple,256.0,4.0,Apple A15 Bionic (5 nm),6.1,"12 MP f/1.5, 26mm (góc rộng)12 MP, f/1.8, 13mm, 120˚ (góc siêu rộng)",3240.0,27689000.0,12,12,0
iPhone 11 128GB Cũ 99%,Apple,128.0,4.0,Apple A13 Bionic (7 nm+),6.1,"12 MP, f/1.8, 26mm (góc rộng)12 MP, f/2.4, 120˚, 13mm (góc siêu rộng)",3110.0,10289000.0,12,12,0
iPhone Xs Max 256GB Cũ 99%,Apple,256.0,4.0,Apple A12 Bionic (7 nm),6.5,"12 MP, f/1.8, 26mm (góc rộng)12 MP, f/2.4, 52mm (telephoto)",3174.0,10589000.0,12,12,0
iPhone 12 Pro Max 128GB Cũ 99%,Apple,128.0,6.0,Apple A14 Bionic (5nm),6.7,"12 MP, f/1.6, 26mm (góc rộng)12 MP, f/2.4, 13mm, 120˚ (góc siêu rộng)12 MP, f/2.2, 65mm (telephoto)",3687.0,0.0,12,12,12
iPhone 13 Pro Max 256GB Cũ,Apple,256.0,6.0,Apple A15 Bionic (5 nm),6.7,"12 MP, f/2.8, 77mm (telephoto)12 MP f/1.5, 26mm (góc rộng)12 MP, f/1.8, 13mm, 120˚ (góc siêu rộng)",4352.0,23789000.0,12,12,12
Oppo A38 4GB/128GB Chính Hãng,Oppo,128.0,4.0,Mediatek MT6769 Helio G85 (12nm),6.56,"50 MP, f/1.8, (góc rộng)2 MP, f/2.4, (depth)",5000.0,4989000.0,50,2,0
iPhone 8 Plus 128GB Cũ 99%,Apple,128.0,3.0,Apple A11 Bionic (10 nm),5.5,"12 MP, f/1.8, 28mm (góc rộng)12 MP, f/2.8, 57mm",2691.0,0.0,12,12,0
Samsung Galaxy S23 FE 8GB/128GB Chính Hãng,Samsung,128.0,8.0,Exynos 2200 (4 nm),6.4,"12 MP, f/2.2, 13mm, 120˚ (góc siêu rộng)50 MP, f/1.8, 24mm (góc rộng)8 MP, f/2.4, 75mm (telephoto), PDAF, 3x optical zoom",4500.0,14899000.0,12,50,8
Samsung Galaxy S24 Ultra 12GB/1TB Chính Hãng,Samsung,256.0,12.0,Qualcomm SM8650-AC Snapdragon 8 Gen 3 (4 nm),6.8,"50 MP, f/1.8, 24mm (góc rộng), 1/1.56"", 1.0µm, Dual Pixel PDAF, OIS10 MP, f/2.4, 67mm (telephoto), 1/3.94"", 1.0µm, PDAF, OIS, 3x zoom quang học12 MP, f/2.2, 13mm, 120˚ (góc siêu rộng), 1/2.55"" 1.4µm, Chống Rung Video200 MP, f/1.7, 24mm (wide), 1/1.3"", 0.6µm, PDAF đa hướng, Laser AF, OIS",5000.0,44490000.0,50,10,12
iPhone 12 Pro Max 256GB Cũ,Apple,128.0,6.0,Apple A14 Bionic (5nm),6.7,"12 MP, f/1.6, 26mm (góc rộng)12 MP, f/2.4, 13mm, 120˚ (góc siêu rộng)12 MP, f/2.2, 65mm (telephoto)",3687.0,18689000.0,12,12,12
iPhone 14 Pro 128GB Cũ 98% - Sim Vật Lý,Apple,256.0,6.0,Apple A16 Bionic (4 nm),6.1,"48 MP, f/1.8, 24mm (góc rộng)12 MP, f/2.2, 13mm, 120˚ (góc siêu rộng)TOF 3D LiDAR scanner (depth)12 MP, f/2.8, 77mm (telephoto)",3200.0,24489000.0,48,12,12
iPhone 15 128GB Cũ,Apple,128.0,6.0,Apple A16 Bionic (4 nm),6.1,"12 MP, f/2.4, 13mm, 120˚ (góc siêu rộng)TOF 3D LiDAR scanner (depth)48 MP, f/1.7, 26mm (góc rộng)",3279.0,0.0,12,48,0
iPhone 11 64GB Cũ,Apple,64.0,4.0,Apple A13 Bionic (7 nm+),6.1,"12 MP, f/1.8, 26mm (góc rộng)12 MP, f/2.4, 120˚, 13mm (góc siêu rộng)",3110.0,0.0,12,12,0
Oppo Reno 11 5G 8GB/256GB Chính Hãng,Oppo,256.0,8.0,Mediatek Dimensity 8200 (4 nm),6.7,"50 MP, f/1.8, 26mm (góc rộng)8 MP, f/2.2, 16mm, 112˚ (góc siêu rộng)32 MP, f/2.0, 47mm (telephoto)",4800.0,10989000.0,50,8,32
Xiaomi Poco C65 6GB/128GB Chính hãng,Xiaomi,128.0,6.0,Mediatek MT6769Z Helio G85 (12nm),6.74,"2 MP, f/2.4, (macro)50 MP, f/1.8, 28mm (rộng)0,08 MP (ống kính phụ)",5000.0,2990000.0,2,50,8
Samsung Galaxy S24 8GB/256GB Chính Hãng - BHĐT,Samsung,256.0,8.0,Exynos 2400 (4 nm) 10 nhân,6.2,"50 MP, f/1.8, 24mm (góc rộng), 1/1.56"", 1.0µm, Dual Pixel PDAF, OIS10 MP, f/2.4, 67mm (telephoto), 1/3.94"", 1.0µm, PDAF, OIS, 3x zoom quang học12 MP, f/2.2, 13mm, 120˚ (góc siêu rộng), 1/2.55"" 1.4µm, Chống Rung Video",4000.0,22990000.0,50,10,12
Samsung Galaxy A15 8GB/256GB Chính Hãng - BHĐT,Samsung,256.0,8.0,Mediatek Helio G99 (6nm),6.5,"50 MP, f/1.8, (góc rộng)2 MP, f/2.4 (macro)5 MP, f/2.2 (góc siêu rộng)",5000.0,5189000.0,50,2,5
Samsung Galaxy A25 5G 6GB/128GB Chính Hãng - BHĐT,Samsung,128.0,6.0,Exynos 1280 (5 nm),6.5,"50 MP, f/1.8, (góc rộng)2 MP, f/2.4 (macro)8 MP, f/2.2, 120˚ (góc siêu rộng)",5000.0,6589000.0,50,2,8
iPhone 11 128GB Cũ,Apple,128.0,4.0,Apple A13 Bionic (7 nm+),6.1,"12 MP, f/1.8, 26mm (góc rộng)12 MP, f/2.4, 120˚, 13mm (góc siêu rộng)",3110.0,9289000.0,12,12,0
Samsung Galaxy A55 5G 8GB/128GB Chính Hãng - BHĐT,Samsung,128.0,8.0,Exynos 1480,6.6,"12 MP, f/2.2, 123˚ (góc siêu rộng)5 MP, f/2.4 (macro)50 MP, f/1.8, (góc rộng)",5000.0,9990000.0,12,5,50
Samsung Galaxy Z Flip6 5G 12GB/512GB Chính Hãng,Samsung,512.0,12.0,Qualcomm SM8650-AB Snapdragon 8 Gen 3 (4 nm),6.7,"12 MP, f/2.2, 123˚ (ultrawide), 1.12µm50 MP, f/1.8, 23mm (wide), 1.0µm, dual pixel PDAF, OIS",4000.0,32900000.0,12,50,0
iPhone 15 Pro 1TB Chính Hãng VN/A,Apple,1024.0,8.0,Apple A17 Pro (3 nm),6.1,"TOF 3D LiDAR scanner (depth)48 MP, f/1.8, 24mm (góc rộng), 1/1.28"", 1.22µm, dual pixel PDAF, sensor-shift OIS12 MP, f/2.8, 120mm (ống kính tiềm vọng), 1.12µm, dual pixel PDAF, 3D sensor‑shift OIS, 5x optical zoom",3274.0,43999000.0,48,12,0
Samsung Galaxy Z Fold5 5G 12GB/1TB Chính Hãng- BHĐT,Samsung,1024.0,12.0,Qualcomm SM8550-AC Snapdragon 8 Gen 2 (4 nm),7.6,"50 MP, f/1.8, 23mm (góc rộng)12 MP, f/2.2, 123˚, 12mm (góc siêu rộng)10 MP, f/2.4, (telephoto), PDAF, OIS, 3x optical zoom",4400.0,50989000.0,50,12,10
iPhone 12 Pro Max 256GB Cũ 99%,Apple,128.0,6.0,Apple A14 Bionic (5nm),6.7,"12 MP, f/1.6, 26mm (góc rộng)12 MP, f/2.4, 13mm, 120˚ (góc siêu rộng)12 MP, f/2.2, 65mm (telephoto)",3687.0,0.0,12,12,12
iPhone 12 64GB Cũ,Apple,64.0,4.0,Apple A14 Bionic (5nm),6.1,"12 MP, f/1.6, 26mm (góc rộng)12 MP, f/2.4, 13mm, 120˚ (góc siêu rộng)",2815.0,11389000.0,12,12,0
iPhone 15 128GB Likenew,Apple,128.0,6.0,Apple A16 Bionic (4 nm),6.1,"12 MP, f/2.4, 13mm, 120˚ (góc siêu rộng)TOF 3D LiDAR scanner (depth)48 MP, f/1.7, 26mm (góc rộng)",3279.0,21299000.0,12,48,0
iPhone 14 Pro Max 128GB Cũ 99%,Apple,128.0,6.0,Apple A16 Bionic (4 nm),6.7,"48 MP, f/1.8, 24mm (góc rộng)12 MP, f/2.2, 13mm, 120˚ (góc siêu rộng)TOF 3D LiDAR scanner (depth)12 MP, f/2.8, 77mm (telephoto)",4323.0,25989000.0,48,12,12
Samsung Galaxy A04e 3GB/32GB Chính Hãng - BHĐT,Samsung,32.0,3.0,Mediatek MT6765 Helio P35 (12nm),6.5,"13 MP, f/2.2 (góc rộng)2 MP, f/2.4 (xóa phông)",5000.0,3189000.0,13,2,0
iPhone 15 256GB Mới Trần - Chưa Kích Hoạt,Apple,256.0,6.0,Apple A16 Bionic (4 nm),6.1,"12 MP, f/2.4, 13mm, 120˚ (góc siêu rộng)TOF 3D LiDAR scanner (depth)48 MP, f/1.7, 26mm (góc rộng)",0.0,21299000.0,12,48,0
Samsung Galaxy M34 5G 8GB/128GB Chính Hãng - BHĐT,Samsung,128.0,8.0,Exynos 1280 (5 nm),6.5,"50 MP, f/1.8, (góc rộng)8 MP, f/2.2, 120˚ (góc siêu rộng)2 MP, f/2.4",6000.0,7689000.0,50,8,2
iPhone 14 Plus 512GB Chính Hãng VN/A,Apple,512.0,6.0,Apple A15 Bionic (5 nm),6.7,"12 MP, f/2.4, 13mm, 120˚ (góc siêu rộng)12 MP f/1.5, 26mm (góc rộng)",4323.0,33989000.0,12,12,0
iPhone 15 Plus 512GB Chính Hãng VN/A,Apple,512.0,6.0,Apple A16 Bionic (4 nm),6.7,"12 MP, f/2.4, 13mm, 120˚ (góc siêu rộng)TOF 3D LiDAR scanner (depth)48 MP, f/1.7, 26mm (góc rộng)",4383.0,34999000.0,12,48,0
iPhone 14 128GB Chính Hãng VN/A,Apple,128.0,6.0,Apple A15 Bionic (5 nm),6.1,"12 MP, f/2.4, 13mm, 120˚ (góc siêu rộng)12 MP f/1.5, 26mm (góc rộng)",3279.0,21989000.0,12,12,0
Xiaomi Redmi 13C 6GB/128GB Chính Hãng,Xiaomi,128.0,6.0,Mediatek MT6769Z Helio G85 (12nm),6.74,"0.08 MP (xóa phông)2 MP, f/2.4, (macro)50 MP, f/1.8, 28mm (góc rộng)",5000.0,3489000.0,8,2,50
iPhone 11 Pro 256GB Cũ,Apple,256.0,4.0,Apple A13 Bionic (7 nm+),5.8,"12 MP, f/1.8, 26mm (góc rộng)12 MP, f/2.4, 120˚, 13mm (góc siêu rộng)12 MP, f/2.0, 52mm (telephoto)",3046.0,12089000.0,12,12,12
iPhone 14 Pro Max 128GB Cũ 99% - Sim Vật Lý,Apple,128.0,6.0,Apple A16 Bionic (4 nm),6.7,"48 MP, f/1.8, 24mm (góc rộng)12 MP, f/2.2, 13mm, 120˚ (góc siêu rộng)TOF 3D LiDAR scanner (depth)12 MP, f/2.8, 77mm (telephoto)",4323.0,25989000.0,48,12,12
iPhone 13 Pro Max 128GB Cũ 99%,Apple,128.0,6.0,Apple A15 Bionic (5 nm),6.7,"12 MP, f/2.8, 77mm (telephoto)12 MP f/1.5, 26mm (góc rộng)12 MP, f/1.8, 13mm, 120˚ (góc siêu rộng)",4352.0,24489000.0,12,12,12
iPhone 15 256GB Likenew,Apple,256.0,6.0,Apple A16 Bionic (4 nm),6.1,"12 MP, f/2.4, 13mm, 120˚ (góc siêu rộng)TOF 3D LiDAR scanner (depth)48 MP, f/1.7, 26mm (góc rộng)",0.0,21299000.0,12,48,0
Samsung Galaxy Z Flip5 5G 8GB/512GB Chính Hãng - BHĐT,Samsung,512.0,8.0,Qualcomm SM8550-AB Snapdragon 8 Gen 2 (4 nm),6.7,"12 MP, f/1.8, 24mm (góc rộng)12 MP, f/2.2, 123˚ (góc siêu rộng)",3700.0,26589000.0,12,12,0
Samsung Galaxy A05 4GB/128GB Likenew - Fullbox,Samsung,128.0,4.0,MediaTek Helio G85 (12nm),6.7,"50 MP, f/1.8, (góc rộng)2 MP, f/2.4, (depth)",5000.0,4189000.0,50,2,0
iPhone 14 128GB Cũ,Apple,128.0,6.0,Apple A15 Bionic (5 nm),6.1,"12 MP, f/2.4, 13mm, 120˚ (góc siêu rộng)12 MP f/1.5, 26mm (góc rộng)",3279.0,16889000.0,12,12,0
Samsung Galaxy A05s 4GB/128GB Chính Hãng,Samsung,128.0,4.0,Snapdragon 680,6.7,"50 MP, f/1.8, (góc rộng)2 MP, f/2.4, (macro)2 MP, f/2.4, (depth)",5000.0,3989000.0,50,2,2
iPhone 13 128GB Cũ,Apple,128.0,4.0,Apple A15 Bionic (5 nm),6.1,"12 MP f/1.5, 26mm (góc rộng)12 MP, f/1.8, 13mm, 120˚ (góc siêu rộng)",3240.0,15489000.0,12,12,0
iPhone 11 Pro Max 64GB Cũ,Apple,64.0,4.0,Apple A13 Bionic (7 nm+),6.5,"12 MP, f/1.8, 26mm (góc rộng)12 MP, f/2.4, 120˚, 13mm (góc siêu rộng)12 MP, f/2.0, 52mm (telephoto)",3969.0,12789000.0,12,12,12
Samsung Galaxy Z Flip6 5G 12GB/256GB Chính Hãng,Samsung,256.0,12.0,Qualcomm SM8650-AB Snapdragon 8 Gen 3 (4 nm),6.7,"12 MP, f/2.2, 123˚ (ultrawide), 1.12µm50 MP, f/1.8, 23mm (wide), 1.0µm, dual pixel PDAF, OIS",4000.0,28990000.0,12,50,0
Xiaomi Mi 14 5G 12GB/256GB Chính Hãng,Xiaomi,256.0,12.0,	Snapdragon 8 Gen 3,6.36,"50 MP, f/2.0, 75mm (telephoto)50 MP, f/2.2, 14mm, 115˚ (góc siêu rộng)50 MP, f/1.6, 23mm (góc rộng)1/1.31"", 1.2µmLeica lens",4610.0,22999000.0,50,50,50
iPhone SE 2020 64GB Cũ 99%,Apple,64.0,3.0,Apple A13 Bionic (7 nm+),4.7,"12 MP, f/1.8 (góc rộng)",1821.0,5489000.0,12,0,0
iPhone 13 Pro Max 256GB Cũ 99%,Apple,256.0,6.0,Apple A15 Bionic (5 nm),6.7,"12 MP, f/2.8, 77mm (telephoto)12 MP f/1.5, 26mm (góc rộng)12 MP, f/1.8, 13mm, 120˚ (góc siêu rộng)",4352.0,25189000.0,12,12,12
iPhone 15 256GB Cũ,Apple,256.0,6.0,Apple A16 Bionic (4 nm),6.1,"12 MP, f/2.4, 13mm, 120˚ (góc siêu rộng)TOF 3D LiDAR scanner (depth)48 MP, f/1.7, 26mm (góc rộng)",0.0,19999000.0,12,48,0
Samsung Galaxy Z Flip6 5G 12GB/256GB Chính Hãng - BHĐT,Samsung,256.0,12.0,Qualcomm SM8650-AB Snapdragon 8 Gen 3 (4 nm),6.7,"12 MP, f/2.2, 123˚ (ultrawide), 1.12µm50 MP, f/1.8, 23mm (wide), 1.0µm, dual pixel PDAF, OIS",4000.0,32900000.0,12,50,0
Samsung Galaxy S23 Ultra 8GB/256GB Chính Hãng - BHĐT,Samsung,256.0,8.0,Qualcomm SM8550-AC Snapdragon 8 Gen 2 (4 nm),6.8,"12 MP, f/2.2, 13mm, 120˚ (góc siêu rộng)10 MP, f/2.4, 70mm (telephoto)10 MP, f/4.9, 230mm (camera tìm vọng)200 MP, f/1.7, 24mm (góc rộng)",5000.0,28589000.0,12,10,10
iPhone 15 Pro 512GB Chính Hãng VN/A,Apple,512.0,8.0,Apple A17 Pro (3 nm),6.1,"TOF 3D LiDAR scanner (depth)48 MP, f/1.8, 24mm (góc rộng), 1/1.28"", 1.22µm, dual pixel PDAF, sensor-shift OIS12 MP, f/2.8, 120mm (ống kính tiềm vọng), 1.12µm, dual pixel PDAF, 3D sensor‑shift OIS, 5x optical zoom",3274.0,37999000.0,48,12,0
iPhone 15 Plus 256GB Chính Hãng VN/A,Apple,256.0,6.0,Apple A16 Bionic (4 nm),6.7,"12 MP, f/2.4, 13mm, 120˚ (góc siêu rộng)TOF 3D LiDAR scanner (depth)48 MP, f/1.7, 26mm (góc rộng)",4383.0,28999000.0,12,48,0
iPhone 15 Pro 256GB Likenew - Fullbox,Apple,256.0,8.0,Apple A17 Pro (3 nm),6.1,"TOF 3D LiDAR scanner (depth)48 MP, f/1.8, 24mm (góc rộng), 1/1.28"", 1.22µm, dual pixel PDAF, sensor-shift OIS12 MP, f/2.8, 120mm (ống kính tiềm vọng), 1.12µm, dual pixel PDAF, 3D sensor‑shift OIS, 5x optical zoom",0.0,27799000.0,48,12,0
iPhone SE 2022 64GB Cũ 99%,Apple,64.0,4.0,Apple A13 Bionic (7 nm+),4.7,"12 MP, f/1.8 (góc rộng)",2018.0,6289000.0,12,0,0
Xiaomi Redmi 12 4GB/128GB Chính Hãng,Xiaomi,128.0,4.0,Mediatek Helio G88 (12nm),6.79,"8 MP, f/2.2, 120˚ (góc siêu rộng)50 MP (góc rộng)2 MP, f/2.4",5000.0,4289000.0,8,50,2
Samsung Galaxy S23 FE 8GB/256GB Chính Hãng - BHĐT,Samsung,256.0,8.0,Exynos 2200 (4 nm),6.4,"12 MP, f/2.2, 13mm, 120˚ (góc siêu rộng)50 MP, f/1.8, 24mm (góc rộng)8 MP, f/2.4, 75mm (telephoto), PDAF, 3x optical zoom",4500.0,16899000.0,12,50,8
Samsung Galaxy A15 8GB/128GB Likenew - Fullbox,Samsung,128.0,8.0,Mediatek Helio G99 (6nm),6.5,"50 MP, f/1.8, (góc rộng)2 MP, f/2.4 (macro)5 MP, f/2.2 (góc siêu rộng)",5000.0,4589000.0,50,2,5
iPhone 12 64GB Cũ 99%,Apple,64.0,4.0,Apple A14 Bionic (5nm),6.1,"12 MP, f/1.6, 26mm (góc rộng)12 MP, f/2.4, 13mm, 120˚ (góc siêu rộng)",2815.0,12589000.0,12,12,0
iPhone 11 128GB Chính Hãng VN/A,Apple,128.0,4.0,Apple A13 Bionic (7 nm+),6.1,"12 MP, f/1.8, 26mm (góc rộng)12 MP, f/2.4, 120˚, 13mm (góc siêu rộng)",3110.0,16989000.0,12,12,0
iPhone 14 512GB Chính Hãng VN/A,Apple,512.0,6.0,Apple A15 Bionic (5 nm),6.1,"12 MP, f/2.4, 13mm, 120˚ (góc siêu rộng)12 MP f/1.5, 26mm (góc rộng)",3279.0,28989000.0,12,12,0
Samsung Galaxy A05 4GB/128GB Chính Hãng - BHĐT,Samsung,128.0,4.0,MediaTek Helio G85 (12nm),6.7,"50 MP, f/1.8, (góc rộng)2 MP, f/2.4 (macro)",5000.0,3189000.0,50,2,0
Samsung Galaxy A15 8GB/128GB Chính Hãng,Samsung,128.0,4.0,Mediatek Helio G99 (6nm),6.5,"50 MP, f/1.8, (góc rộng)2 MP, f/2.4 (macro)5 MP, f/2.2 (góc siêu rộng)",5000.0,5189000.0,50,2,5
iPhone 14 Plus 128GB Cũ 99%,Apple,128.0,6.0,Apple A15 Bionic (5 nm),6.7,"12 MP, f/2.4, 13mm, 120˚ (góc siêu rộng)12 MP f/1.5, 26mm (góc rộng)",4323.0,20989000.0,12,12,0
Samsung Galaxy S24 Plus 12GB/256GB Chính Hãng,Samsung,256.0,12.0,Exynos 2400 (4 nm) 10 nhân,6.7,"50 MP, f/1.8, 24mm (góc rộng), 1/1.56"", 1.0µm, Dual Pixel PDAF, OIS10 MP, f/2.4, 67mm (telephoto), 1/3.94"", 1.0µm, PDAF, OIS, 3x zoom quang học12 MP, f/2.2, 13mm, 120˚ (góc siêu rộng), 1/2.55"" 1.4µm, Chống Rung Video",4900.0,26990000.0,50,10,12
iPhone 14 Pro 1TB Chính Hãng VN/A,Apple,1024.0,6.0,Apple A16 Bionic (4 nm),6.1,"48 MP, f/1.8, 24mm (góc rộng)12 MP, f/2.2, 13mm, 120˚ (góc siêu rộng)TOF 3D LiDAR scanner (depth)12 MP, f/2.8, 77mm (telephoto)",3200.0,36989000.0,48,12,12
Samsung Galaxy A35 5G 8GB/128GB Chính Hãng - BHĐT,Samsung,128.0,8.0,Exynos 1380 (5 nm),6.6,"8 MP, f/2.2, 123˚ (góc siêu rộng)5 MP, f/2.4 (macro)50 MP, f/1.8, (góc rộng)",5000.0,8290000.0,8,5,50
Xiaomi Redmi Note 13 Pro 4G 8GB/128GB Chính Hãng,Xiaomi,128.0,8.0,Mediatek Helio G99 Ultra,6.67,"2 MP, f/2.4, (depth)8 MP, f/2.2, (góc siêu rộng)200 MP, f/1.7, 23mm (góc rộng)",5000.0,6789000.0,2,8,200
iPhone 13 Pro 256GB Cũ 99%,Apple,128.0,6.0,Apple A15 Bionic (5 nm),6.1,"12 MP, f/2.8, 77mm (telephoto)12 MP f/1.5, 26mm (góc rộng)12 MP, f/1.8, 13mm, 120˚ (góc siêu rộng)",3095.0,23489000.0,12,12,12
iPhone 15 Plus 128GB Chính Hãng VN/A,Apple,128.0,6.0,Apple A16 Bionic (4 nm),6.7,"12 MP, f/2.4, 13mm, 120˚ (góc siêu rộng)TOF 3D LiDAR scanner (depth)48 MP, f/1.7, 26mm (góc rộng)",4383.0,0.0,12,48,0
Samsung Galaxy Z Fold6 5G 12GB/512GB Chính Hãng,Samsung,512.0,12.0,Qualcomm SM8550-AC Snapdragon 8 Gen 3 (4 nm),7.6,"50 MP, f/1.8, 23mm (góc rộng), 1.0µm, dual pixel PDAF, OIS10 MP, f/2.4, 66mm (telephoto), 1.0µm, PDAF, OIS, 3x optical zoom12 MP, f/2.2, 123˚, 12mm (góc siêu rộng), 1.12µm",4400.0,47990000.0,50,10,12
iPhone 13 Pro Max 128GB Cũ,Apple,128.0,6.0,Apple A15 Bionic (5 nm),6.7,"12 MP, f/2.8, 77mm (telephoto)12 MP f/1.5, 26mm (góc rộng)12 MP, f/1.8, 13mm, 120˚ (góc siêu rộng)",4352.0,22689000.0,12,12,12
Xiaomi Redmi Note 12S 8GB/256GB Chính Hãng,Xiaomi,64.0,6.0,Mediatek Helio G96 (12 nm),6.43,"2 MP, f/2.4 (macro)108 MP, f/1.9, 26mm (góc rộng)8 MP, f/2.2, 118˚ (góc siêu rộng)",5000.0,6689000.0,2,108,8
iPhone 11 64GB Chính Hãng VN/A,Apple,64.0,4.0,Apple A13 Bionic (7 nm+),6.1,"12 MP, f/1.8, 26mm (góc rộng)12 MP, f/2.4, 120˚, 13mm (góc siêu rộng)",3110.0,14989000.0,12,12,0
iPhone 14 Pro 512GB Chính Hãng VN/A,Apple,512.0,6.0,Apple A16 Bionic (4 nm),6.1,"48 MP, f/1.8, 24mm (góc rộng)12 MP, f/2.2, 13mm, 120˚ (góc siêu rộng)TOF 3D LiDAR scanner (depth)12 MP, f/2.8, 77mm (telephoto)",3200.0,35989000.0,48,12,12
Samsung Galaxy A25 5G 8GB/128GB Chính Hãng - BHĐT,Samsung,128.0,8.0,Exynos 1280 (5 nm),6.5,"50 MP, f/1.8, (góc rộng)2 MP, f/2.4 (macro)8 MP, f/2.2, 120˚ (góc siêu rộng)",5000.0,6989000.0,50,2,8
Oppo A58 4G 6GB/128GB Chính Hãng,Oppo,128.0,6.0,Mediatek MT6769 Helio G85 (12nm),6.72,"2 MP, f/2.4 (macro)50 MP, f/1.8 26mm (góc rộng)",5000.0,4989000.0,2,50,0
iPhone 11 Pro 64GB Cũ,Apple,64.0,4.0,Apple A13 Bionic (7 nm+),5.8,"12 MP, f/1.8, 26mm (góc rộng)12 MP, f/2.4, 120˚, 13mm (góc siêu rộng)12 MP, f/2.0, 52mm (telephoto)",3046.0,10989000.0,12,12,12
iPhone 12 Pro Max 128GB Cũ,Apple,128.0,6.0,Apple A14 Bionic (5nm),6.7,"12 MP, f/1.6, 26mm (góc rộng)12 MP, f/2.4, 13mm, 120˚ (góc siêu rộng)12 MP, f/2.2, 65mm (telephoto)",3687.0,0.0,12,12,12
iPhone 12 Pro Max 512GB Cũ 99%,Apple,128.0,6.0,Apple A14 Bionic (5nm),6.7,"12 MP, f/1.6, 26mm (góc rộng)12 MP, f/2.4, 13mm, 120˚ (góc siêu rộng)12 MP, f/2.2, 65mm (telephoto)",3687.0,20889000.0,12,12,12
iPhone 12 Pro 256GB Cũ,Apple,256.0,6.0,Apple A14 Bionic (5nm),6.1,"12 MP, f/1.6, 26mm (góc rộng)12 MP, f/2.4, 13mm, 120˚ (góc siêu rộng)12 MP, f/2.2, 65mm (telephoto)",2815.0,15089000.0,12,12,12
iPhone 11 64GB Cũ 99%,Apple,64.0,4.0,Apple A13 Bionic (7 nm+),6.1,"12 MP, f/1.8, 26mm (góc rộng)12 MP, f/2.4, 120˚, 13mm (góc siêu rộng)",3110.0,0.0,12,12,0
iPhone 12 Pro 256GB Cũ 99%,Apple,256.0,6.0,Apple A14 Bionic (5nm),6.1,"12 MP, f/1.6, 26mm (góc rộng)12 MP, f/2.4, 13mm, 120˚ (góc siêu rộng)12 MP, f/2.2, 65mm (telephoto)",2815.0,16189000.0,12,12,12
iPhone 15 Plus 128GB Likenew,Apple,128.0,6.0,Apple A16 Bionic (4 nm),6.7,"12 MP, f/2.4, 13mm, 120˚ (góc siêu rộng)TOF 3D LiDAR scanner (depth)48 MP, f/1.7, 26mm (góc rộng)",4383.0,21999000.0,12,48,0
Samsung Galaxy M15 5G 6GB/128GB Chính Hãng,Samsung,128.0,6.0, Mediatek Dimensity 6100 Plus,6.45,"2 MP, f/2.4 (macro)2 MP, f/2.4 (xóa phông)50 MP, f/1.8 (góc rộng)",6000.0,4990000.0,2,2,50
Samsung Galaxy Z Fold5 5G 12GB/256GB Chính Hãng - BHĐT,Samsung,256.0,12.0,Qualcomm SM8550-AC Snapdragon 8 Gen 2 (4 nm),7.6,"50 MP, f/1.8, 23mm (góc rộng)12 MP, f/2.2, 123˚, 12mm (góc siêu rộng)10 MP, f/2.4, (telephoto), PDAF, OIS, 3x optical zoom",4400.0,40989000.0,50,12,10
Xiaomi Redmi A3 3GB/64GB Likenew - Fullbox,Xiaomi,64.0,3.0,Mediatek Helio G36 (12 nm),6.71,"8 MP, f/2.0, (góc rộng)0.08 MP (ống kính phụ)",5000.0,2490000.0,8,8,0
iPhone 14 Plus 512GB Cũ 99%,Apple,512.0,6.0,Apple A15 Bionic (5 nm),6.7,"12 MP, f/2.4, 13mm, 120˚ (góc siêu rộng)12 MP f/1.5, 26mm (góc rộng)",4323.0,22489000.0,12,12,0
iPhone 11 Pro 256GB Cũ 99%,Apple,256.0,4.0,Apple A13 Bionic (7 nm+),5.8,"12 MP, f/1.8, 26mm (góc rộng)12 MP, f/2.4, 120˚, 13mm (góc siêu rộng)12 MP, f/2.0, 52mm (telephoto)",3046.0,13189000.0,12,12,12
iPhone 12 128GB Cũ,Apple,64.0,4.0,Apple A14 Bionic (5nm),6.1,"12 MP, f/1.6, 26mm (góc rộng)12 MP, f/2.4, 13mm, 120˚ (góc siêu rộng)",2815.0,12589000.0,12,12,0
iPhone 15 Pro Max 256GB Chính Hãng VN/A,Apple,256.0,8.0,Apple A17 Pro (3 nm),6.7,"TOF 3D LiDAR scanner (depth)48 MP, f/1.8, 24mm (góc rộng), 1/1.28"", 1.22µm, dual pixel PDAF, sensor-shift OIS12 MP, f/2.8, 120mm (ống kính tiềm vọng), 1.12µm, dual pixel PDAF, 3D sensor‑shift OIS, 5x optical zoom",4441.0,0.0,48,12,0
Samsung Galaxy Z Fold6 5G 12GB/256GB Chính Hãng - BHĐT,Samsung,256.0,12.0,Qualcomm SM8550-AC Snapdragon 8 Gen 3 (4 nm),7.6,"50 MP, f/1.8, 23mm (góc rộng), 1.0µm, dual pixel PDAF, OIS10 MP, f/2.4, 66mm (telephoto), 1.0µm, PDAF, OIS, 3x optical zoom12 MP, f/2.2, 123˚, 12mm (góc siêu rộng), 1.12µm",4400.0,43990000.0,50,10,12
Samsung Galaxy A55 5G 8GB/128GB Likenew - Fullbox,Samsung,128.0,8.0,Exynos 1480,6.6,"12 MP, f/2.2, 123˚ (góc siêu rộng)5 MP, f/2.4 (macro)50 MP, f/1.8, (góc rộng)",5000.0,9990000.0,12,5,50
Samsung Galaxy A05 4GB/128GB Chính Hãng,Samsung,128.0,4.0,MediaTek Helio G85 (12nm),6.7,"50 MP, f/1.8, (góc rộng)2 MP, f/2.4, (depth)",5000.0,0.0,50,2,0
Xiaomi Redmi Note 13 Pro 4G 8GB/128GB Likenew - Fullbox,Xiaomi,128.0,8.0,Mediatek Dimensity 6080 (6 nm),6.67,"108 MP, f/1.8 (góc rộng)2 MP, f/2.4, (depth)8 MP, f/2.2, (góc siêu rộng)",5000.0,6789000.0,108,2,8
iPhone 15 Pro Max 256GB Likenew - Sim Vật Lý,Apple,256.0,8.0,Apple A17 Pro (3 nm),6.7,"TOF 3D LiDAR scanner (depth)48 MP, f/1.8, 24mm (góc rộng), 1/1.28"", 1.22µm, dual pixel PDAF, sensor-shift OIS12 MP, f/2.8, 120mm (ống kính tiềm vọng), 1.12µm, dual pixel PDAF, 3D sensor‑shift OIS, 5x optical zoom",0.0,27799000.0,48,12,0
iPhone Xs Max 64GB Cũ 99%,Apple,64.0,4.0,Apple A12 Bionic (7 nm),6.5,"12 MP, f/1.8, 26mm (góc rộng)12 MP, f/2.4, 52mm (telephoto)",3174.0,9489000.0,12,12,0
Samsung Galaxy Z Fold4 5G 12GB/1TB Chính Hãng - BHĐT,Samsung,1024.0,12.0,Qualcomm SM8475 Snapdragon 8+ Gen 1 (4 nm),7.6,"50 MP, f/1.8, 23mm (góc rộng)10 MP, f/2.4, 66mm (telephoto)12 MP, f/2.2, 123˚, 12mm (góc siêu rộng)",4200.0,49989000.0,50,10,12
iPhone 13 Pro 128GB Cũ 99%,Apple,128.0,6.0,Apple A15 Bionic (5 nm),6.1,"12 MP, f/2.8, 77mm (telephoto)12 MP f/1.5, 26mm (góc rộng)12 MP, f/1.8, 13mm, 120˚ (góc siêu rộng)",3095.0,0.0,12,12,12
iPhone 14 Pro Max 256GB Cũ - eSIM,Apple,256.0,6.0,Apple A16 Bionic (4 nm),6.7,"48 MP, f/1.8, 24mm (góc rộng)12 MP, f/2.2, 13mm, 120˚ (góc siêu rộng)TOF 3D LiDAR scanner (depth)12 MP, f/2.8, 77mm (telephoto)",4323.0,27189000.0,48,12,12
iPhone 15 Pro Max 1TB Chính Hãng VN/A,Apple,1024.0,8.0,Apple A17 Pro (3 nm),6.7,"TOF 3D LiDAR scanner (depth)48 MP, f/1.8, 24mm (góc rộng), 1/1.28"", 1.22µm, dual pixel PDAF, sensor-shift OIS12 MP, f/2.8, 120mm (ống kính tiềm vọng), 1.12µm, dual pixel PDAF, 3D sensor‑shift OIS, 5x optical zoom",4441.0,46999000.0,48,12,0
iPhone 15 Pro Max 256GB Cũ,Apple,256.0,8.0,Apple A17 Pro (3 nm),6.7,"TOF 3D LiDAR scanner (depth)48 MP, f/1.8, 24mm (góc rộng), 1/1.28"", 1.22µm, dual pixel PDAF, sensor-shift OIS12 MP, f/2.8, 120mm (ống kính tiềm vọng), 1.12µm, dual pixel PDAF, 3D sensor‑shift OIS, 5x optical zoom",4441.0,31999000.0,48,12,0
Realme C60 4GB/64GB Chính Hãng,Realme,64.0,4.0,Unisoc Tiger T612,6.74,Camera chính 13MPCamera phụ 0.08MP,5000.0,2790000.0,13,8,0
iPhone 14 Pro 128GB Cũ,Apple,128.0,6.0,Apple A16 Bionic (4 nm),6.1,"48 MP, f/1.8, 24mm (góc rộng)12 MP, f/2.2, 13mm, 120˚ (góc siêu rộng)TOF 3D LiDAR scanner (depth)12 MP, f/2.8, 77mm (telephoto)",3200.0,23989000.0,48,12,12
Samsung Galaxy S24 8GB/512GB Chính Hãng - BHĐT,Samsung,512.0,12.0,Exynos 2400 (4 nm) 10 nhân,6.5,"50 MP, f/1.8, 24mm (góc rộng), 1/1.56"", 1.0µm, Dual Pixel PDAF, OIS10 MP, f/2.4, 67mm (telephoto), 1/3.94"", 1.0µm, PDAF, OIS, 3x zoom quang học12 MP, f/2.2, 13mm, 120˚ (góc siêu rộng), 1/2.55"" 1.4µm, Chống Rung Video",4900.0,22990000.0,50,10,12
iPhone 14 Pro Max 128GB Cũ - eSIM,Apple,128.0,6.0,Apple A16 Bionic (4 nm),6.7,"48 MP, f/1.8, 24mm (góc rộng)12 MP, f/2.2, 13mm, 120˚ (góc siêu rộng)TOF 3D LiDAR scanner (depth)12 MP, f/2.8, 77mm (telephoto)",4323.0,24689000.0,48,12,12
Oppo Find N3 5G 12GB/512GB Chính Hãng,Oppo,512.0,12.0,Qualcomm SM8550-AB Snapdragon 8 Gen 2 (4 nm),7.82,"48 MP, f/1.7, 24mm (góc rộng), 1/1.43"", 1.12µm, multi-directional PDAF, OIS64 MP, f/2.6, 70mm (telephoto), 1/2.0"", 0.7µm, PDAF, OIS, 3x zoom quang học48 MP, f/2.2, 14mm, 114˚ (góc siêu rộng), 1/2.0"", 0.8µm, PDAF",4805.0,44989000.0,48,64,48
Samsung Galaxy M14 5G 6GB/128GB Chính Hãng - BHĐT,Samsung,128.0,6.0,Exynos 1330 (5nm),6.6,"2 MP, f/2.4 (macro)2 MP, f/2.4 (xóa phông)50 MP, f/1.8 (góc rộng)",6000.0,5789000.0,2,2,50
Samsung Galaxy S24 Ultra 12GB/512GB Chính Hãng - BHĐT,Samsung,512.0,12.0,Qualcomm SM8650-AC Snapdragon 8 Gen 3 (4 nm),6.8,"50 MP, f/1.8, 24mm (góc rộng), 1/1.56"", 1.0µm, Dual Pixel PDAF, OIS10 MP, f/2.4, 67mm (telephoto), 1/3.94"", 1.0µm, PDAF, OIS, 3x zoom quang học12 MP, f/2.2, 13mm, 120˚ (góc siêu rộng), 1/2.55"" 1.4µm, Chống Rung Video200 MP, f/1.7, 24mm (wide), 1/1.3"", 0.6µm, PDAF đa hướng, Laser AF, OIS",5000.0,37490000.0,50,10,12
Samsung Galaxy A04e 4GB/128GB Chính Hãng - BHĐT,Samsung,128.0,4.0,Mediatek MT6765 Helio P35 (12nm),6.5,"13 MP, f/2.2 (góc rộng)",5000.0,3489000.0,13,0,0
iPhone 14 Pro 256GB Chính Hãng VN/A,Apple,256.0,6.0,Apple A16 Bionic (4 nm),6.1,"48 MP, f/1.8, 24mm (góc rộng)12 MP, f/2.2, 13mm, 120˚ (góc siêu rộng)TOF 3D LiDAR scanner (depth)12 MP, f/2.8, 77mm (telephoto)",3200.0,29989000.0,48,12,12
iPhone 14 Pro Max 128GB Cũ - Sim Vật Lý,Apple,128.0,6.0,Apple A16 Bionic (4 nm),6.7,"48 MP, f/1.8, 24mm (góc rộng)12 MP, f/2.2, 13mm, 120˚ (góc siêu rộng)TOF 3D LiDAR scanner (depth)12 MP, f/2.8, 77mm (telephoto)",4323.0,24689000.0,48,12,12
iPhone 15 Pro 128GB Likenew,Apple,128.0,8.0,Apple A17 Pro (3 nm),6.1,"TOF 3D LiDAR scanner (depth)48 MP, f/1.8, 24mm (góc rộng), 1/1.28"", 1.22µm, dual pixel PDAF, sensor-shift OIS12 MP, f/2.8, 120mm (ống kính tiềm vọng), 1.12µm, dual pixel PDAF, 3D sensor‑shift OIS, 5x optical zoom",3274.0,0.0,48,12,0
Samsung Galaxy A05s 4GB/128GB Chính Hãng - BHĐT,Samsung,128.0,4.0,Snapdragon 680,6.7,"50 MP, f/1.8, (góc rộng)2 MP, f/2.4, (macro)2 MP, f/2.4, (depth)",5000.0,3989000.0,50,2,2
Samsung Galaxy A55 5G 8GB/128GB Chính Hãng,Samsung,128.0,8.0,Exynos 1480,6.6,"12 MP, f/2.2, 123˚ (góc siêu rộng)5 MP, f/2.4 (macro)50 MP, f/1.8, (góc rộng)",5000.0,9990000.0,12,5,50
iPhone 12 128GB Cũ 99%,Apple,64.0,4.0,Apple A14 Bionic (5nm),6.1,"12 MP, f/1.6, 26mm (góc rộng)12 MP, f/2.4, 13mm, 120˚ (góc siêu rộng)",2815.0,13789000.0,12,12,0
iPhone 14 Plus 128GB Cũ,Apple,128.0,6.0,Apple A15 Bionic (5 nm),6.7,"12 MP, f/2.4, 13mm, 120˚ (góc siêu rộng)12 MP f/1.5, 26mm (góc rộng)",4323.0,20989000.0,12,12,0
iPhone 13 128GB Cũ 99%,Apple,128.0,4.0,Apple A15 Bionic (5 nm),6.1,"12 MP f/1.5, 26mm (góc rộng)12 MP, f/1.8, 13mm, 120˚ (góc siêu rộng)",3240.0,16489000.0,12,12,0
iPhone 14 Plus 128GB Chính Hãng VN/A,Apple,128.0,6.0,Apple A15 Bionic (5 nm),6.7,"12 MP, f/2.4, 13mm, 120˚ (góc siêu rộng)12 MP f/1.5, 26mm (góc rộng)",4323.0,24989000.0,12,12,0
Oppo A78 4G 8GB/256GB Chính Hãng,Oppo,128.0,8.0,Qualcomm SM6225 Snapdragon 680 4G (6 nm),6.43,"50 MP, f/1.8, 27mm (góc rộng)2 MP, f/2.4 (xóa phông)",5000.0,6989000.0,50,2,0
iPhone 15 Pro Max 512GB Chính Hãng VN/A,Apple,512.0,8.0,Apple A17 Pro (3 nm),6.7,"TOF 3D LiDAR scanner (depth)48 MP, f/1.8, 24mm (góc rộng), 1/1.28"", 1.22µm, dual pixel PDAF, sensor-shift OIS12 MP, f/2.8, 120mm (ống kính tiềm vọng), 1.12µm, dual pixel PDAF, 3D sensor‑shift OIS, 5x optical zoom",4441.0,40999000.0,48,12,0
iPhone 13 128GB Chính Hãng VN/A,Apple,128.0,4.0,Apple A15 Bionic (5 nm),6.1,"12 MP f/1.5, 26mm (góc rộng)12 MP, f/1.8, 13mm, 120˚ (góc siêu rộng)",3240.0,0.0,12,12,0
Samsung Galaxy S24 Ultra 12GB/256GB Chính Hãng - BHĐT,Samsung,256.0,12.0,Qualcomm SM8650-AC Snapdragon 8 Gen 3 (4 nm),6.8,"50 MP, f/1.8, 24mm (góc rộng), 1/1.56"", 1.0µm, Dual Pixel PDAF, OIS10 MP, f/2.4, 67mm (telephoto), 1/3.94"", 1.0µm, PDAF, OIS, 3x zoom quang học12 MP, f/2.2, 13mm, 120˚ (góc siêu rộng), 1/2.55"" 1.4µm, Chống Rung Video200 MP, f/1.7, 24mm (wide), 1/1.3"", 0.6µm, PDAF đa hướng, Laser AF, OIS",5000.0,33990000.0,50,10,12
Samsung Galaxy A15 8GB/128GB Chính Hãng - BHĐT,Samsung,128.0,8.0,Mediatek Helio G99 (6nm),6.5,"50 MP, f/1.8, (góc rộng)2 MP, f/2.4 (macro)5 MP, f/2.2 (góc siêu rộng)",5000.0,5189000.0,50,2,5
Samsung Galaxy S24 Ultra 12GB/1TB Chính Hãng - BHĐT,Samsung,1024.0,12.0,Qualcomm SM8650-AC Snapdragon 8 Gen 3 (4 nm),6.8,"50 MP, f/1.8, 24mm (góc rộng), 1/1.56"", 1.0µm, Dual Pixel PDAF, OIS10 MP, f/2.4, 67mm (telephoto), 1/3.94"", 1.0µm, PDAF, OIS, 3x zoom quang học12 MP, f/2.2, 13mm, 120˚ (góc siêu rộng), 1/2.55"" 1.4µm, Chống Rung Video200 MP, f/1.7, 24mm (wide), 1/1.3"", 0.6µm, PDAF đa hướng, Laser AF, OIS",5000.0,44490000.0,50,10,12
iPhone 11 Pro Max 64GB Cũ 99%,Apple,64.0,4.0,Apple A13 Bionic (7 nm+),6.5,"12 MP, f/1.8, 26mm (góc rộng)12 MP, f/2.4, 120˚, 13mm (góc siêu rộng)12 MP, f/2.0, 52mm (telephoto)",3969.0,13789000.0,12,12,12
Xiaomi Redmi Note 13 8GB/128GB Chính Hãng,Xiaomi,128.0,8.0,Snapdragon 685 8 nhân,6.67,"108 MP, f/1.8 (góc rộng)2 MP, f/2.4, (depth)8 MP, f/2.2, (góc siêu rộng)",5000.0,5889000.0,108,2,8
iPhone 15 Plus 256GB Likenew,Apple,256.0,6.0,Apple A16 Bionic (4 nm),6.7,"12 MP, f/2.4, 13mm, 120˚ (góc siêu rộng)TOF 3D LiDAR scanner (depth)48 MP, f/1.7, 26mm (góc rộng)",0.0,21999000.0,12,48,0
iPhone SE 2022 64GB Cũ,Apple,64.0,4.0,Apple A13 Bionic (7 nm+),4.7,"12 MP, f/1.8 (góc rộng)",2018.0,6289000.0,12,0,0
iPhone 12 Pro 128GB Cũ 99%,Apple,128.0,6.0,Apple A14 Bionic (5nm),6.1,"12 MP, f/1.6, 26mm (góc rộng)12 MP, f/2.4, 13mm, 120˚ (góc siêu rộng)12 MP, f/2.2, 65mm (telephoto)",2815.0,0.0,12,12,12
iPhone 15 Pro 256GB Chính Hãng VN/A,Apple,256.0,8.0,Apple A17 Pro (3 nm),6.1,"TOF 3D LiDAR scanner (depth)48 MP, f/1.8, 24mm (góc rộng), 1/1.28"", 1.22µm, dual pixel PDAF, sensor-shift OIS12 MP, f/2.8, 120mm (ống kính tiềm vọng), 1.12µm, dual pixel PDAF, 3D sensor‑shift OIS, 5x optical zoom",4441.0,31999000.0,48,12,0
Samsung Galaxy A35 5G 8GB/128GB Chính Hãng,Samsung,128.0,8.0,Exynos 1380 (5 nm),6.6,"8 MP, f/2.2, 123˚ (góc siêu rộng)5 MP, f/2.4 (macro)50 MP, f/1.8, (góc rộng)",5000.0,8290000.0,8,5,50
Oppo A18 4GB/128GB Chính Hãng,Oppo,128.0,4.0,Mediatek MT6769 Helio G85 (12nm),6.56,"8 MP, f/2.0, (góc rộng), AF2 MP, f/2.4, (depth)",5000.0,4989000.0,8,2,0
Oppo Reno 11 F 5G 8GB/256GB Chính Hãng,Oppo,256.0,8.0,Mediatek Dimensity 7050 (6 nm),6.7,"2 MP, f/2.4, (macro)64 MP, f/1.7, 25mm (góc rộng), 1/2.0"", 0.7µm, PDAF8 MP, f/2.2, 16mm, 112˚ (góc siêu rộng), 1/4.0"", 1.12µm",5000.0,8990000.0,2,64,8
iPhone 15 Plus 256GB Cũ,Apple,256.0,6.0,Apple A16 Bionic (4 nm),6.7,"12 MP, f/2.4, 13mm, 120˚ (góc siêu rộng)TOF 3D LiDAR scanner (depth)48 MP, f/1.7, 26mm (góc rộng)",0.0,20999000.0,12,48,0
iPhone 14 128GB Cũ 99%,Apple,128.0,6.0,Apple A15 Bionic (5 nm),6.1,"12 MP, f/2.4, 13mm, 120˚ (góc siêu rộng)12 MP f/1.5, 26mm (góc rộng)",3279.0,17989000.0,12,12,0
Xiaomi Redmi A3 3GB/64GB Chính Hãng,Xiaomi,64.0,3.0,Mediatek Helio G36 (12 nm),6.71,"8 MP, f/2.0, (góc rộng)0.08 MP (ống kính phụ)",5000.0,2490000.0,8,8,0
Samsung Galaxy S24 Ultra 12GB/512GB Chính Hãng,Samsung,256.0,12.0,Qualcomm SM8650-AC Snapdragon 8 Gen 3 (4 nm),6.8,"50 MP, f/1.8, 24mm (góc rộng), 1/1.56"", 1.0µm, Dual Pixel PDAF, OIS10 MP, f/2.4, 67mm (telephoto), 1/3.94"", 1.0µm, PDAF, OIS, 3x zoom quang học12 MP, f/2.2, 13mm, 120˚ (góc siêu rộng), 1/2.55"" 1.4µm, Chống Rung Video200 MP, f/1.7, 24mm (wide), 1/1.3"", 0.6µm, PDAF đa hướng, Laser AF, OIS",5000.0,37490000.0,50,10,12
iPhone 14 Pro Max 512GB Chính Hãng VN/A,Apple,512.0,6.0,Apple A16 Bionic (4 nm),6.7,"48 MP, f/1.8, 24mm (góc rộng)12 MP, f/2.2, 13mm, 120˚ (góc siêu rộng)TOF 3D LiDAR scanner (depth)12 MP, f/2.8, 77mm (telephoto)",4323.0,37989000.0,48,12,12
Samsung Galaxy Z Flip6 5G 12GB/512GB Chính Hãng - BHĐT,Samsung,512.0,12.0,Qualcomm SM8650-AB Snapdragon 8 Gen 3 (4 nm),6.7,"12 MP, f/2.2, 123˚ (ultrawide), 1.12µm50 MP, f/1.8, 23mm (wide), 1.0µm, dual pixel PDAF, OIS",4000.0,32900000.0,12,50,0
Samsung Galaxy S24 Plus 12GB/512GB Chính Hãng - BHĐT,Samsung,512.0,12.0,Exynos 2400 (4 nm) 10 nhân,6.5,"50 MP, f/1.8, 24mm (góc rộng), 1/1.56"", 1.0µm, Dual Pixel PDAF, OIS10 MP, f/2.4, 67mm (telephoto), 1/3.94"", 1.0µm, PDAF, OIS, 3x zoom quang học12 MP, f/2.2, 13mm, 120˚ (góc siêu rộng), 1/2.55"" 1.4µm, Chống Rung Video",4900.0,30490000.0,50,10,12
Samsung Galaxy Z Fold5 5G 12GB/512GB Chính Hãng - BHĐT,Samsung,512.0,12.0,Qualcomm SM8550-AC Snapdragon 8 Gen 2 (4 nm),7.6,"50 MP, f/1.8, 23mm (góc rộng)12 MP, f/2.2, 123˚, 12mm (góc siêu rộng)10 MP, f/2.4, (telephoto), PDAF, OIS, 3x optical zoom",4400.0,42989000.0,50,12,10
Oppo Find N3 Flip 5G 12GB/256GB Chính Hãng,Oppo,256.0,12.0,Qualcomm SM8550-AB Snapdragon 8 Gen 2 (4 nm),6.8,"48 MP, f/2.2, 14mm, 114˚ (góc siêu rộng), 1/2.0"", 0.8µm, PDAF50 MP, f/1.8, 24mm (góc rộng), 1/1.56"", 1.0µm, multi-directional PDAF, OIS32 MP, f/2.0, 47mm (telephoto), 2x optical zoom, PDAF",4300.0,22989000.0,48,50,32
Samsung Galaxy A24 8GB/128GB Chính Hãng - BHĐT,Samsung,128.0,6.0,Mediatek MT8781 Helio G99 (6nm),6.5,"50 MP, f/1.8, (góc rộng)5 MP, f/2.2, 123˚ (góc siêu rộng)2 MP, f/2.4 (macro)",5000.0,6989000.0,50,5,2
iPhone Xs 64GB Cũ 99%,Apple,64.0,4.0,Apple A12 Bionic (7 nm),5.8,"12 MP, f/1.8, 26mm (góc rộng)12 MP, f/2.4, 52mm (telephoto)",2658.0,7789000.0,12,12,0
Oppo A60 8GB/128GB Chính Hãng,Oppo,128.0,8.0,Qualcomm SM6225 Snapdragon 680 4G (6 nm),6.56,"50 MP, f/1.8, (góc rộng)2 MP, f/2.4, (độ sâu)",5000.0,5490000.0,50,2,0
Samsung Galaxy Z Fold6 5G 12GB/256GB Chính Hãng,Samsung,256.0,12.0,Qualcomm SM8550-AC Snapdragon 8 Gen 3 (4 nm),7.6,"50 MP, f/1.8, 23mm (góc rộng), 1.0µm, dual pixel PDAF, OIS10 MP, f/2.4, 66mm (telephoto), 1.0µm, PDAF, OIS, 3x optical zoom12 MP, f/2.2, 123˚, 12mm (góc siêu rộng), 1.12µm",4400.0,43990000.0,50,10,12
Samsung Galaxy A35 5G 8GB/128GB Likenew - Fullbox,Samsung,128.0,8.0,Exynos 1380 (5 nm),6.6,"8 MP, f/2.2, 123˚ (góc siêu rộng)5 MP, f/2.4 (macro)50 MP, f/1.8, (góc rộng)",5000.0,8290000.0,8,5,50
Xiaomi Redmi Note 13 6GB/128GB Chính Hãng,Xiaomi,128.0,6.0,Snapdragon 685 8 nhân,6.67,"108 MP, f/1.8 (góc rộng)2 MP, f/2.4, (depth)8 MP, f/2.2, (góc siêu rộng)",5000.0,4799000.0,108,2,8
Samsung Galaxy M15 5G 4GB/128GB Chính Hãng,Samsung,128.0,4.0, Mediatek Dimensity 6100 Plus,6.45,"2 MP, f/2.4 (macro)2 MP, f/2.4 (xóa phông)50 MP, f/1.8 (góc rộng)",6000.0,4690000.0,2,2,50
iPhone 15 256GB Chính Hãng VN/A,Apple,256.0,6.0,Apple A16 Bionic (4 nm),6.1,"12 MP, f/2.4, 13mm, 120˚ (góc siêu rộng)TOF 3D LiDAR scanner (depth)48 MP, f/1.7, 26mm (góc rộng)",3279.0,25999000.0,12,48,0
iPhone 8 Plus 64GB Cũ,Apple,64.0,3.0,Apple A11 Bionic (10 nm),5.5,"12 MP, f/1.8, 28mm (góc rộng)12 MP, f/2.8, 57mm",2691.0,5689000.0,12,12,0
Samsung Galaxy S23 FE 8GB/128GB Chính Hãng - BHĐT,Samsung,128.0,8.0,Exynos 2200 (4 nm),6.4,"12 MP, f/2.2, 13mm, 120˚ (góc siêu rộng)50 MP, f/1.8, 24mm (góc rộng)8 MP, f/2.4, 75mm (telephoto), PDAF, 3x optical zoom",4500.0,14899000.0,12,50,8
iPhone 8 Plus 64GB Cũ 99%,Apple,64.0,3.0,Apple A11 Bionic (10 nm),5.5,"12 MP, f/1.8, 28mm (góc rộng)12 MP, f/2.8, 57mm",2691.0,6189000.0,12,12,0
Samsung Galaxy A04e 3GB/64GB Chính Hãng - BHĐT,Samsung,64.0,3.0,Mediatek MT6765 Helio P35 (12nm),6.5,"13 MP, f/2.2 (góc rộng)2 MP, f/2.4 (xóa phông)",5000.0,3189000.0,13,2,0
iPhone 13 Pro 128GB Cũ,Apple,128.0,6.0,Apple A15 Bionic (5 nm),6.1,"12 MP, f/2.8, 77mm (telephoto)12 MP f/1.5, 26mm (góc rộng)12 MP, f/1.8, 13mm, 120˚ (góc siêu rộng)",3095.0,21189000.0,12,12,12
iPhone 11 Pro Max 256GB Cũ,Apple,256.0,4.0,Apple A13 Bionic (7 nm+),6.5,"12 MP, f/1.8, 26mm (góc rộng)12 MP, f/2.4, 120˚, 13mm (góc siêu rộng)12 MP, f/2.0, 52mm (telephoto)",3969.0,14789000.0,12,12,12
Xiaomi Redmi A2+ 3GB/64GB Chính Hãng,Xiaomi,64.0,3.0,Mediatek Helio G36 (12 nm),6.52,"8 MP, f/2.0, (góc rộng)0.08 MP (Thấu kính hỗ trợ)",5000.0,0.0,8,8,0
iPhone 15 Plus 128GB Cũ,Apple,128.0,6.0,Apple A16 Bionic (4 nm),6.7,"12 MP, f/2.4, 13mm, 120˚ (góc siêu rộng)TOF 3D LiDAR scanner (depth)48 MP, f/1.7, 26mm (góc rộng)",4383.0,20999000.0,12,48,0
iPhone 15 Plus 256GB Mới Trần - Chưa kích hoạt,Apple,256.0,6.0,Apple A16 Bionic (4 nm),6.7,"12 MP, f/2.4, 13mm, 120˚ (góc siêu rộng)TOF 3D LiDAR scanner (depth)48 MP, f/1.7, 26mm (góc rộng)",0.0,21999000.0,12,48,0
Oppo A60 8GB/256GB Chính Hãng,Oppo,256.0,8.0,Qualcomm SM6225 Snapdragon 680 4G (6 nm),6.67,"50 MP, f/1.8, (góc rộng)2 MP, f/2.4, (độ sâu)",5000.0,6490000.0,50,2,0
iPhone 14 Plus 128GB Cũ - Sim Vật Lý Cũ 99%,Apple,128.0,6.0,Apple A15 Bionic (5 nm),6.7,"12 MP, f/2.4, 13mm, 120˚ (góc siêu rộng)12 MP f/1.5, 26mm (góc rộng)",4323.0,0.0,12,12,0
iPhone 15 Pro 128GB Cũ,Apple,128.0,8.0,Apple A17 Pro (3 nm),6.1,"TOF 3D LiDAR scanner (depth)48 MP, f/1.8, 24mm (góc rộng), 1/1.28"", 1.22µm, dual pixel PDAF, sensor-shift OIS12 MP, f/2.8, 120mm (ống kính tiềm vọng), 1.12µm, dual pixel PDAF, 3D sensor‑shift OIS, 5x optical zoom",3274.0,0.0,48,12,0
Samsung Galaxy S24 Ultra 12GB/256GB Chính Hãng,Samsung,256.0,12.0,Qualcomm SM8650-AC Snapdragon 8 Gen 3 (4 nm),6.8,"50 MP, f/1.8, 24mm (góc rộng), 1/1.56"", 1.0µm, Dual Pixel PDAF, OIS10 MP, f/2.4, 67mm (telephoto), 1/3.94"", 1.0µm, PDAF, OIS, 3x zoom quang học12 MP, f/2.2, 13mm, 120˚ (góc siêu rộng), 1/2.55"" 1.4µm, Chống Rung Video200 MP, f/1.7, 24mm (wide), 1/1.3"", 0.6µm, PDAF đa hướng, Laser AF, OIS",5000.0,33990000.0,50,10,12
Samsung Galaxy M15 5G 4GB/128GB Chính Hãng - BHĐT,Samsung,128.0,4.0, Mediatek Dimensity 6100 Plus,6.45,"2 MP, f/2.4 (macro)2 MP, f/2.4 (xóa phông)50 MP, f/1.8 (góc rộng)",6000.0,4690000.0,2,2,50
Samsung Galaxy Z Fold6 5G 12GB/512GB Chính Hãng - BHĐT,Samsung,512.0,12.0,Qualcomm SM8550-AC Snapdragon 8 Gen 3 (4 nm),7.6,"50 MP, f/1.8, 23mm (góc rộng), 1.0µm, dual pixel PDAF, OIS10 MP, f/2.4, 66mm (telephoto), 1.0µm, PDAF, OIS, 3x optical zoom12 MP, f/2.2, 123˚, 12mm (góc siêu rộng), 1.12µm",4400.0,47990000.0,50,10,12
iPhone 11 Pro Max 256GB Cũ 99%,Apple,256.0,4.0,Apple A13 Bionic (7 nm+),6.5,"12 MP, f/1.8, 26mm (góc rộng)12 MP, f/2.4, 120˚, 13mm (góc siêu rộng)12 MP, f/2.0, 52mm (telephoto)",3969.0,15789000.0,12,12,12
iPhone 15 128GB Chính Hãng VN/A,Apple,128.0,6.0,Apple A16 Bionic (4 nm),6.1,"12 MP, f/2.4, 13mm, 120˚ (góc siêu rộng)TOF 3D LiDAR scanner (depth)48 MP, f/1.7, 26mm (góc rộng)",3279.0,0.0,12,48,0
Samsung Galaxy S24 Plus 12GB/512GB Chính Hãng,Samsung,256.0,12.0,Exynos 2400 (4 nm) 10 nhân,6.7,"50 MP, f/1.8, 24mm (góc rộng), 1/1.56"", 1.0µm, Dual Pixel PDAF, OIS10 MP, f/2.4, 67mm (telephoto), 1/3.94"", 1.0µm, PDAF, OIS, 3x zoom quang học12 MP, f/2.2, 13mm, 120˚ (góc siêu rộng), 1/2.55"" 1.4µm, Chống Rung Video",4900.0,30490000.0,50,10,12
Samsung Galaxy S24 8GB/256GB Chính Hãng,Samsung,256.0,8.0,Exynos 2400 (4 nm) 10 nhân,6.2,"50 MP, f/1.8, 24mm (góc rộng), 1/1.56"", 1.0µm, Dual Pixel PDAF, OIS10 MP, f/2.4, 67mm (telephoto), 1/3.94"", 1.0µm, PDAF, OIS, 3x zoom quang học12 MP, f/2.2, 13mm, 120˚ (góc siêu rộng), 1/2.55"" 1.4µm, Chống Rung Video",4000.0,22990000.0,50,10,12
iPhone 14 Plus 256GB Cũ 99%,Apple,256.0,6.0,Apple A15 Bionic (5 nm),6.7,"12 MP, f/2.4, 13mm, 120˚ (góc siêu rộng)12 MP f/1.5, 26mm (góc rộng)",4323.0,21989000.0,12,12,0
iPhone 15 Plus 128GB Mới Trần - Chưa kích hoạt,Apple,128.0,6.0,Apple A16 Bionic (4 nm),6.7,"12 MP, f/2.4, 13mm, 120˚ (góc siêu rộng)TOF 3D LiDAR scanner (depth)48 MP, f/1.7, 26mm (góc rộng)",0.0,0.0,12,48,0
iPhone 15 Pro 128GB Mới Trần - Chưa Kích Hoạt,Apple,128.0,8.0,Apple A17 Pro (3 nm),6.1,"TOF 3D LiDAR scanner (depth)48 MP, f/1.8, 24mm (góc rộng), 1/1.28"", 1.22µm, dual pixel PDAF, sensor-shift OIS12 MP, f/2.8, 120mm (ống kính tiềm vọng), 1.12µm, dual pixel PDAF, 3D sensor‑shift OIS, 5x optical zoom",3274.0,26999000.0,48,12,0
iPhone 14 Pro Max 256GB Cũ 99% - eSIM,Apple,256.0,6.0,Apple A16 Bionic (4 nm),6.7,"48 MP, f/1.8, 24mm (góc rộng)12 MP, f/2.2, 13mm, 120˚ (góc siêu rộng)TOF 3D LiDAR scanner (depth)12 MP, f/2.8, 77mm (telephoto)",4323.0,35990000.0,48,12,12
iPhone 15 512GB Chính Hãng VN/A,Apple,512.0,6.0,Apple A16 Bionic (4 nm),6.1,"12 MP, f/2.4, 13mm, 120˚ (góc siêu rộng)TOF 3D LiDAR scanner (depth)48 MP, f/1.7, 26mm (góc rộng)",3279.0,31999000.0,12,48,0
Samsung Galaxy S24 8GB/512GB Chính Hãng,Samsung,256.0,8.0,Exynos 2400 (4 nm) 10 nhân,6.2,"50 MP, f/1.8, 24mm (góc rộng), 1/1.56"", 1.0µm, Dual Pixel PDAF, OIS10 MP, f/2.4, 67mm (telephoto), 1/3.94"", 1.0µm, PDAF, OIS, 3x zoom quang học12 MP, f/2.2, 13mm, 120˚ (góc siêu rộng), 1/2.55"" 1.4µm, Chống Rung Video",4000.0,26490000.0,50,10,12
Oppo Reno 10 5G 8GB/256GB Chính Hãng,Oppo,256.0,8.0,Mediatek MT6877V Dimensity 7050 (6 nm),6.7,"64 MP, f/1.7, 25mm (góc rộng)32 MP, f/2.0, 47mm (telephoto)8 MP, f/2.2, 112˚ (góc siêu rộng)",5000.0,10900000.0,64,32,8
iPhone 12 Pro 128GB Cũ,Apple,128.0,6.0,Apple A14 Bionic (5nm),6.1,"12 MP, f/1.6, 26mm (góc rộng)12 MP, f/2.4, 13mm, 120˚ (góc siêu rộng)12 MP, f/2.2, 65mm (telephoto)",2815.0,0.0,12,12,12
