,Tên sản phẩm,Hãng sản xuất,Rom,Ram,Chipset(CPU),Kích thước màn hình,Độ phân giải Camera,Dung lượng pin,Giá,Primary,Ultra_Wide,Telephoto,Hãng sản xuất_
0,Samsung Galaxy A05 (4G) 4GB 128GB Chính Hãng,Samsung,128.0,4.0,Helio G85,6.7,50MP - 2MP,5000.0,3090000.0,50,2,0,1
1,iPhone 14 128GB VNA,Apple,128.0,6.0,Apple A15 Bionic,6.1,Camera góc r?ng: 12MP Camera góc siêu r?ng: 12MP,3279.0,25990000.0,12,12,0,2
2,INOI Note 13s 8GB 256GB Chính Hãng,INOI,256.0,8.0,Unisoc T606 (12 nm),7.0,16MP - 2MP - 2MP,5000.0,3390000.0,16,2,2,14
3,iPhone 14 Pro 128GB VN/A,Apple,128.0,6.0,Apple A16 Bionic,6.1,Camera chính: 48MP Camera góc siêu r?ng: 12MP Camera tele: 12MP,3200.0,31990000.0,48,12,12,2
4,Samsung Galaxy Z Flip5 8GB 256GB Chính Hãng,Samsung,256.0,8.0,Snapdragon 8 Gen 2 for Galaxy,6.7,12MP - 12MP,3700.0,25990000.0,12,12,0,1
5,Xiaomi Redmi Pad SE 6GB 128GB Box,Xiaomi,128.0,6.0,Snapdragon 680 4G (6 nm),11.0,8MP,8000.0,4990000.0,8,0,0,3
6,Samsung Galaxy S22 (5G) 8GB 256GB Chính hãng,Samsung,256.0,8.0,Snapdragon 8 Gen 1 8 nhân,6.1,50MP – 10MP – 12MP,3700.0,23490000.0,50,10,12,1
7,Oppo Reno 7 (5G) 8GB 256GB Chính hãng,Oppo,256.0,8.0,MediaTek Dimensity 900 5G,6.43,64MP – 8MP – 2MP,4500.0,12990000.0,64,8,2,4
9,Xiaomi Redmi A2 2GB 32GB Chính Hãng,Xiaomi,32.0,2.0,MediaTek Helio G36,6.52,2 Camera chính: 8MP - f/2.0,5000.0,2990000.0,8,0,0,3
10,Xiaomi Redmi K70 Pro 16GB 256GB Box,Xiaomi,256.0,16.0,Snapdragon 8 Gen 3 (4 nm),6.67,50MP - 50MP - 12MP,5000.0,17990000.0,50,50,12,3
11,Xiaomi Redmi Note 11T Pro (5G) 8GB 256GB Box,Xiaomi,128.0,8.0,MediaTek Dimensity 8100 (5 nm),6.6,64MP – 8MP – 2MP,5080.0,7990000.0,64,8,2,3
12,Realme GT Neo 2T 12GB 256GB Box,Realme,256.0,12.0,MediaTek MT6893 Dimensity 1200 (6 nm),6.43,64MP – 8MP – 2MP,4500.0,7450000.0,64,8,2,5
13,Samsung Galaxy A54 (5G) 8GB 256GB Chính Hãng,Samsung,256.0,8.0,Exynos 1380,6.4,50MP -12MP - 5MP,5000.0,11490000.0,50,12,5,1
14,Xiaomi Redmi K70E 12GB 256GB Box,Xiaomi,256.0,12.0,Dimensity 8300 Ultra (4 nm),6.67,64MP - 8MP - 2MP,5500.0,9990000.0,64,8,2,3
15,Xiaomi Poco M4 (5G) 4GB 64GB Chính Hãng,Xiaomi,64.0,4.0,MediaTek MT6833 Dimensity 700 5G (7nm) 8 nhân,6.58,"13MP, f/2.2, Ch?p góc r?ng, L?y nét t? d?ng theo pha PDAF",5000.0,4990000.0,13,0,0,3
16,iPhone 15 128GB VN/A,Apple,128.0,6.0,Apple A16 Bionic,6.1,Camera chính: 48MP Camera góc siêu r?ng: 12MP Camera tele: 12MP,3349.0,23990000.0,48,12,12,2
18,Realme C60 4GB 64GB Chính Hãng,Realme,64.0,4.0,Unisoc T612,6.74,13MP,5000.0,2990000.0,13,0,0,5
19,TECNO Spark Go 2024 (4+4GB/64GB) - Chính Hãng,Tecno,64.0,4.0,Unisoc T606 (12 nm),6.6,"13MP - 0,08MP",5000.0,2190000.0,13,8,0,6
20,Xiaomi Redmi K60 Ultra (5G) 16GB 256GB Box,Xiaomi,256.0,16.0,Mediatek Dimensity 9200+ (4 nm),6.67,50Mp + 8MP + 2MP,5000.0,11990000.0,8,2,0,3
21,Oppo Reno 8 (4G) 8GB 256GB Chính Hãng,Oppo,256.0,8.0,Qualcomm SM6225 Snapdragon 680 4G (6 nm),6.43,64MP - 2MP - 2MP,4500.0,8990000.0,64,2,2,4
23,Realme GT Neo 5 SE 12GB 256GB Box,Realme,256.0,12.0,Snapdragon 7+ Gen 2,6.74,64MP – 8MP – 2MP,5500.0,8490000.0,64,8,2,5
24,Xiaomi Redmi K40s (5G) 8GB 128GB Box,Xiaomi,128.0,8.0,Qualcomm Snapdragon 870,6.67,48MP + 8MP + 2MP,4500.0,8450000.0,48,8,2,3
25,ZTE Blade A54 4GB 64GB Chính Hãng,ZTE,64.0,4.0,Unisoc SC9863A,6.6,13MP - 2MP,5000.0,2090000.0,13,2,0,7
26,Oppo A16K 4GB 64GB Chính hãng,Oppo,64.0,4.0,MediaTek Helio G35,6.52,13 MP,4230.0,3690000.0,13,0,0,4
27,Xiaomi Redmi Note 12 5G 4GB 128GB,Xiaomi,128.0,4.0,Snapdragon 4 Gen 1,6.67,"48 MP, (góc r?ng), 0.8µm, PDAF 2 MP, f/2.4, (d? sâu) Quay phim: 1080p@30/60fps",5000.0,4490000.0,48,2,0,3
28,Xiaomi PoCo M5 4GB 64GB Chính hãng,Xiaomi,64.0,4.0,MediaTek Helio G99 (6nm),6.58,"Camera góc r?ng: 50 MP, f/1.8, PDAF Camera macro: 2 MP, f/2.4 Camera góc sâu: 2 MP, f/2.4",5000.0,3990000.0,50,2,2,3
29,Samsung Galaxy Z Fold3 5G Chính Hãng,Samsung,256.0,12.0,Snapdragon 888 (5nm),6.23,"Tele: 12MP, F2.4",4400.0,41990000.0,12,0,0,1
30,Xiaomi Redmi Note 12 8GB 128GB Chính Hãng,Xiaomi,128.0,8.0,Qualcomm Snapdragon 685 (6 nm),6.67,50MP - 8MP - 2MP,5000.0,5990000.0,50,8,2,3
31,Xiaomi Redmi Pad SE 6GB 128GB Chính Hãng,Xiaomi,128.0,6.0,Snapdragon 680 4G (6 nm),11.0,8MP,8000.0,5990000.0,8,0,0,3
32,Realme 11 Pro (5G) 12GB 256GB Box,Realme,256.0,12.0,Dimensity 7050 (6 nm),6.7,100MP - 2MP,5000.0,7590000.0,100,2,0,5
35,TECNO Spark 20 (8+8GB/128GB) - Chính Hãng,Tecno,128.0,8.0,Helio G85 (12nm),6.6,50MP - 0.08MP,5000.0,3490000.0,50,8,0,6
36,Samsung Galaxy A04s (4G) 4GB 64GB chính hãng,Samsung,64.0,4.0,Exynos 850 (8nm),6.5,13+2+2 MP,5000.0,3790000.0,2,0,0,1
37,Xiaomi Redmi Note 12S 8GB 256GB Chính Hãng,Xiaomi,256.0,8.0,MediaTek Helio G96 8 nhân,6.43,108MP - 8MP - 2MP,5000.0,6990000.0,108,8,2,3
40,iPhone 14 Plus 256GB VNA,Apple,256.0,6.0,Apple A15 Bionic,6.7,Camera chính 12MP Camera góc siêu r?ng 12MP,4325.0,31990000.0,12,12,0,2
42,Xiaomi Redmi K50 Ultra (5G) 12GB 512GB Box,Xiaomi,512.0,12.0,Qualcomm SM8475 Snapdragon 8+ Gen 1 (4 nm),6.67,108MP - 8MP - 2MP,5000.0,11950000.0,108,8,2,3
43,Xiaomi Redmi Note 12 Pro (5G) 8GB 128GB Box,Xiaomi,128.0,8.0,MediaTek Dimensity 1080 (6 nm),6.67,50Mp + 8MP + 2MP,5000.0,7990000.0,8,2,0,3
46,Realme GT Neo 5 SE 12GB 512GB Box,Realme,512.0,12.0,Snapdragon 7+ Gen 2,6.74,64MP – 8MP – 2MP,5500.0,8990000.0,64,8,2,5
49,Xiaomi 13T 12GB 256GB Likenew Fullbox,Xiaomi,256.0,12.0,Dimensity 8200 Ultra (4 nm),6.67,50MP - 50MP - 12MP,5000.0,12990000.0,50,50,12,3
50,Samsung Galaxy A33 (5G) 8GB 128GB Chính hãng,Samsung,128.0,8.0,2 nhân 2.4 GHz & 6 nhân 2 GHz,6.4,"Camera chính: 48 MP, F1.8 Camera góc siêu r?ng: 8 MP, F2.2 Camera macro: 5 MP, F2.4 Camera chân dung: 2.0 MP, F2.4",5000.0,8490000.0,48,8,5,1
54,Vivo iQOO Z9 Turbo 5G Box - BH 15 Tháng,Vivo,256.0,12.0,Snapdragon 8s Gen 3 (4 nm),6.78,50 MP - 8 MP,6000.0,8990000.0,50,8,0,8
55,Samsung Galaxy A03 Core 2GB 32GB Chính hãng,Samsung,32.0,2.0,Unisoc T606 8 nhân,6.5,Chính 48 MP & Ph? 2 MP,5000.0,2990000.0,48,2,0,1
56,ZTE Nubia Red Magic 9 Pro 12GB 256GB Box,ZTE,256.0,12.0,Snapdragon 8 Gen 3 (4 nm),6.8,50MP - 50MP - 2MP,6500.0,19990000.0,50,50,2,7
57,Xiaomi Redmi K40s (5G) 12GB 256GB,Xiaomi,256.0,12.0,Qualcomm Snapdragon 870,6.67,48MP + 8MP + 2MP,4500.0,7990000.0,48,8,2,3
58,Realme GT Neo 6 SE (5G) Box - B?o Hành 15 tháng,Realme,256.0,8.0,Octa-core (1x2.8 GHz Cortex-A715 & 4x2.6 GHz Cortex-A715 & 3x1.9 GHz Cortex-A510),6.78,50 MP - 8 MP,5500.0,7950000.0,50,8,0,5
60,Realme Narzo 50i 4GB 64GB Chính hãng,Realme,64.0,4.0,Octa-core 1.6 GHz,6.5,8.0 MP,5000.0,3190000.0,0,0,0,5
64,Xiaomi Redmi Note 12 Turbo 8GB 256GB Box,Xiaomi,256.0,8.0,Snapdragon 7+ Gen 2,6.67,64MP – 8MP – 2MP,5000.0,7990000.0,64,8,2,3
65,iPhone 14 Plus 128GB VNA,Apple,128.0,6.0,Apple A15 Bionic,6.7,Camera chính 12MP Camera góc siêu r?ng 12MP,4325.0,28990000.0,12,12,0,2
66,Realme 11 Pro (5G) 8GB 256GB Box,Realme,256.0,8.0,Dimensity 7050 (6 nm),6.7,100MP - 2MP,5000.0,6990000.0,100,2,0,5
67,Samsung Galaxy S24 Plus (5G) 12GB 256GB Chính Hãng,Samsung,256.0,12.0,Exynos 2400,6.7,50MP - 10MP - 12MP,4900.0,26990000.0,50,10,12,1
69,Xiaomi Redmi 12 (4G) 8GB 128GB Chính Hãng,Xiaomi,128.0,8.0,Mediatek Helio G88 (12nm),6.79,50MP - 8MP - 2MP,5000.0,4990000.0,50,8,2,3
70,Samsung Galaxy Z Fold6 (5G) 12GB 256GB Chính Hãng,Samsung,512.0,12.0,Snapdragon 8 Gen 3 (4 nm),6.3,50MP - 10MP - 12MP,4400.0,43990000.0,50,10,12,1
71,Xiaomi Mix Fold3 12GB 256GB Box,Xiaomi,256.0,12.0,Snapdragon 8 Gen 2 (4 nm),8.03,50MP - 10MP - 10MP - 12MP,4800.0,34990000.0,50,10,10,3
72,Xiaomi Redmi K70E 8GB 256GB Box,Xiaomi,256.0,8.0,Dimensity 8300 Ultra (4 nm),6.67,64MP - 8MP - 2MP,5500.0,9990000.0,64,8,2,3
73,Xiaomi Redmi K60e (5G) 12GB 256GB Box,Xiaomi,256.0,8.0,Mediatek Dimensity 8200 (4 nm),6.67,Triple cam (48MP + 2MP + 2MP),5500.0,10990000.0,48,2,2,3
74,Samsung Galaxy Z Flip6 (5G) 12GB 512GB Chính Hãng,Samsung,512.0,12.0,Snapdragon 8 Gen 3 (4 nm),3.4,50MP - 12MP,4000.0,32990000.0,50,12,0,1
76,Xiaomi Redmi K60 (5G) 12GB 256GB Box,Xiaomi,256.0,12.0,Qualcomm SM8475 Snapdragon 8+ Gen 1 (4 nm),6.67,"Camera góc r?ng: 64MP, f/1.8, 1/2"", 0,7µm, PDAF, OIS Camera góc siêu r?ng: 8MP, 120°, 1/4"", 1,12µm Camera macro: 2MP, f/2.4",5500.0,12990000.0,64,8,2,3
77,Xiaomi Redmi Note 13 Pro (5G) 12GB 512GB Box,Xiaomi,512.0,12.0,Snapdragon 7s Gen 2,6.67,200MP + 8MP + 2MP,5100.0,6990000.0,200,8,2,3
78,Xiaomi Redmi Note 12 Pro Plus 12GB 256GB Likenew Fullbox,Xiaomi,256.0,12.0,Dimensity 1080 (6 nm),6.67,200MP - 8MP - 2MP,5000.0,8990000.0,200,8,2,3
80,Nokia 5710 Xpress Audio,Nokia,128.0,0.046875,Unisoc T107 (22 nm),2.4,0.3 MP,1450.0,1790000.0,3,0,0,10
81,Samsung Galaxy A03s 4GB 64GB Chính hãng,Samsung,64.0,4.0,Mediatek Helio P35,6.4,"Camera xóa phông: 2 MP, f/2.4, (depth)",5000.0,3690000.0,2,0,0,1
82,Realme GT Neo 3 12GB 256GB (150W) Box,Realme,256.0,12.0,MediaTek Dimensity 8100 (5 nm),6.7,50Mp + 8MP + 2MP,5000.0,7190000.0,8,2,0,5
83,Samsung Galaxy A24 (4G) 8GB 128GB Chính Hãng,Samsung,128.0,6.0,Mediatek MT8781 Helio G99 (6nm),6.5,50MP - 5MP - 2MP,5000.0,6990000.0,50,5,2,1
85,Xiaomi Pad 6s Pro Box- B?o hành 15 Tháng,Xiaomi,128.0,8.0,Snapdragon 8 Gen 2 (4 nm),12.4,50 MP - 2 MP,10000.0,17900000.0,50,2,0,3
86,Samsung Galaxy A05 (4G) 4GB 64GB Chính Hãng,Samsung,64.0,4.0,Helio G85,6.7,50MP - 2MP,5000.0,3090000.0,50,2,0,1
87,Samsung Galaxy A05S (4G) 4GB 128GB Chính Hãng,Samsung,128.0,4.0,Snapdragon 680 4G,6.7,50MP - 2MP - 2MP,5000.0,3990000.0,50,2,2,1
88,ZTE nubia Red Magic 8S Pro Plus 16GB 512GB Box,ZTE,512.0,16.0,ualcomm SM8550-AB Snapdragon 8 Gen 2 (4 nm),6.8,50MP - 8MP - 2MP,5000.0,21990000.0,50,8,2,7
89,Oppo Reno 8Z (5G) 8GB 256GB Chính Hãng,Oppo,256.0,8.0,Qualcomm SM6375 Snapdragon 695 5G (6 nm),6.43,64MP - 2MP - 2MP,4500.0,10490000.0,64,2,2,4
91,Samsung Galaxy S23 (5G) 8GB 256GB Chính Hãng,Samsung,256.0,8.0,Qualcomm SM8550 Snapdragon 8 Gen 2 (4 nm),6.1,50MP - 10MP - 12MP,3900.0,24990000.0,50,10,12,1
92,INOI A72 (4G) 4GB 128GB Chính Hãng,INOI,128.0,4.0,Unisoc T310,6.5,13MP - 2MP - 2MP,5000.0,2990000.0,13,2,2,14
93,Xiaomi Redmi K70 12GB 256G Box,Xiaomi,256.0,12.0,Snapdragon 8 Gen 2 (4 nm),6.67,50MP - 8MP - 2MP,5000.0,12990000.0,50,8,2,3
94,Xiaomi Redmi K60 Ultra (5G) 12GB 256GB Likenew FullBox,Xiaomi,256.0,12.0,Mediatek Dimensity 9200+ (4 nm),6.67,50Mp + 8MP + 2MP,5000.0,10990000.0,8,2,0,3
95,TECNO Camon 30 (12+12GB/256GB) - Chính Hãng,Tecno,256.0,8.0,Mediatek Helio G99 Ultimate,6.78,50 MP - 2 MP,5000.0,6990000.0,50,2,0,6
96,Xiaomi Redmi Note 12 Pro 8GB 256GB Chính Hãng,Xiaomi,256.0,8.0,Qualcomm SM7150 Snapdragon 732G (8 nm),6.67,108MP - 2MP - 2MP - 2MP,5000.0,7990000.0,108,2,2,3
97,iPhone 13 128GB chính hãng VN/A,Apple,128.0,4.0,Apple A15,6.1,"Camera góc siêu r?ng: 12MP, ƒ/2.4",3240.0,24490000.0,12,0,0,2
99,Samsung Galaxy S22 Ultra (5G) 12GB 256GB Chính hãng,Samsung,256.0,12.0,Snapdragon 8 Gen 1 8 nhân,6.8,4 cam (108MP + 12MP + 10MP + 10 MP),5000.0,33990000.0,108,12,10,1
102,Xiaomi Redmi K70 Pro 16GB 512GB Box,Xiaomi,512.0,16.0,Snapdragon 8 Gen 3 (4 nm),6.67,50MP - 50MP - 12MP,5000.0,19990000.0,50,50,12,3
103,Samsung Galaxy A25 (5G) 6GB 128GB Chính Hãng,Samsung,128.0,6.0,Exynos 1280 (5 nm),6.5,50MP - 8MP - 2MP,5000.0,6590000.0,50,8,2,1
105,Samsung Galaxy S24 Ultra (5G) 12GB 512GB Chính Hãng,Samsung,512.0,12.0,Snapdragon 8 Gen 3 (4 nm),6.8,200MP - 50MP - 10MP - 12MP,5000.0,37490000.0,200,50,10,1
106,Xiaomi Redmi Note 11 Pro (5G) 8GB 128GB Chính hãng,Xiaomi,128.0,8.0,Snapdragon 695 5G 8 nhân,6.67,"Chính 108 MP & Ph? 8 MP, 2 MP",5000.0,8990000.0,108,8,2,3
108,Xiaomi 14 Ultra 16GB 512GB Chính Hãng,Xiaomi,512.0,12.0,Snapdragon 8 Gen 3,6.73,50 MP - 50 MP - 50 MP - 50 MP,5000.0,32990000.0,50,50,50,3
109,Xiaomi Redmi Note 13 Pro (4G) 8GB 128GB Chính Hãng,Xiaomi,128.0,8.0,Mediatek Helio G99 Ultra,6.67,200MP - 8MP - 2MP,5000.0,7290000.0,200,8,2,3
110,Xiaomi Redmi 13C 6GB 128GB Chính Hãng,Xiaomi,128.0,6.0,Mediatek MT6769Z Helio G85 (12nm),6.74,50MP - 2MP - 0.08MP,5000.0,3490000.0,50,2,8,3
111,Samsung Galaxy S23 Plus (5G) 8GB 512GB Chính Hãng,Samsung,512.0,8.0,Qualcomm SM8550 Snapdragon 8 Gen 2 (4 nm),6.6,50MP - 10MP - 12MP,4700.0,29990000.0,50,10,12,1
112,Realme C51 Chính Hãng,Realme,64.0,3.0,Unisoc Tiger T612 (12 nm),6.74,50MP - 0.0MP,5000.0,3990000.0,50,0,0,5
113,Samsung Galaxy A33 (5G) 6GB 128GB Chính hãng,Samsung,128.0,6.0,2 nhân 2.4 GHz & 6 nhân 2 GHz,6.4,"Camera chính: 48 MP, F1.8 Camera góc siêu r?ng: 8 MP, F2.2 Camera macro: 5 MP, F2.4 Camera chân dung: 2.0 MP, F2.4",5000.0,8490000.0,48,8,5,1
115,Realme GT Neo 5 SE 16GB 1TB Box,Realme,1024.0,16.0,Snapdragon 7+ Gen 2,6.74,64MP – 8MP – 2MP,5500.0,9990000.0,64,8,2,5
117,Xiaomi Redmi K70 Pro 12GB 256GB Box,Xiaomi,256.0,12.0,Snapdragon 8 Gen 3 (4 nm),6.67,50MP - 50MP - 12MP,5000.0,15990000.0,50,50,12,3
119,BPhone A40 4GB 64GB Chính hãng,BPhone,64.0,4.0,Helio G85,6.7,4 cam ( 16Mp + 2Mp + 5Mp + 2Mp ),5000.0,4490000.0,0,0,0,9
120,Oppo A16K 3GB 32GB Chính hãng,Oppo,32.0,3.0,MediaTek Helio G35,6.52,13 MP,4230.0,3690000.0,13,0,0,4
121,Realme C67 (4G) 8GB 128GB Chính Hãng,Realme,128.0,8.0,Qualcomm SM6225 Snapdragon 685 (6 nm),6.72,108 MP - 2 MP,5000.0,4990000.0,108,2,0,5
122,Samsung Galaxy A35 (5G) 8GB 128GB Chính Hãng,Samsung,128.0,8.0,Exynos 1380 (5 nm),6.6,50MP - 8MP - 5MP,5000.0,8290000.0,50,8,5,1
123,Xiaomi 13 Lite 8GB 128GB Chính Hãng,Xiaomi,128.0,8.0,Snapdragon 7 Gen 1 (4 nm),6.55,50Mp + 8MP + 2MP,4500.0,10990000.0,8,2,0,3
124,TECNO Pova 5 (8+8GB/128GB) - Chính Hãng,Tecno,128.0,8.0,MediaTek Helio G99 (6nm),6.78,50MP,6000.0,4990000.0,50,0,0,6
125,Xiaomi Redmi Note 12 (5G) 8GB 128GB Box,Xiaomi,128.0,8.0,Snapdragon 4 Gen 1,6.67,"48 MP, (góc r?ng), 0.8µm, PDAF 2 MP, f/2.4, (d? sâu) Quay phim: 1080p@30/60fps",5000.0,5490000.0,48,2,0,3
129,ZTE nubia Red Magic 8S Pro Plus 16GB 256GB Box,ZTE,256.0,16.0,ualcomm SM8550-AB Snapdragon 8 Gen 2 (4 nm),6.8,50MP - 8MP - 2MP,5000.0,19990000.0,50,8,2,7
130,Xiaomi Redmi K60e (5G) 12GB 512GB Box,Xiaomi,512.0,12.0,Mediatek Dimensity 8200 (4 nm),6.67,Triple cam (48MP + 2MP + 2MP),5500.0,10990000.0,48,2,2,3
133,Xiaomi Redmi 13 (4G) 6GB 128GB Chính Hãng,Xiaomi,128.0,6.0,Mediatek Helio G91 Ultra,6.79,108 MP - 2 MP,5030.0,4990000.0,108,2,0,3
135,Samsung Galaxy A03s 3GB 32GB Chính hãng,Samsung,32.0,3.0,Mediatek Helio P35,6.4,"Camera xóa phông: 2 MP, f/2.4, (depth)",5000.0,3390000.0,2,0,0,1
136,TECNO Spark Go 2024 (3+3GB/64GB) - Chính Hãng,Tecno,64.0,3.0,Unisoc T606 (12 nm),6.6,"13MP - 0,08MP",5000.0,1990000.0,13,8,0,6
137,Xiaomi Redmi K50 Ultra (5G) 12GB 256GB Box,Xiaomi,256.0,12.0,Qualcomm SM8475 Snapdragon 8+ Gen 1 (4 nm),6.67,108MP - 8MP - 2MP,5000.0,11950000.0,108,8,2,3
138,Xiaomi Redmi Note 13 (5G) 6GB 128GB Box - BH 15 Tháng,Xiaomi,128.0,6.0,Mediatek Dimensity 6080 (6 nm),6.67,100MP – 2MP,5000.0,4990000.0,100,2,0,3
139,Samsung Galaxy S22 Ultra (5G) 8GB 128GB Chính hãng,Samsung,128.0,8.0,Snapdragon 8 Gen 1 8 nhân,6.8,4 cam (108MP + 12MP + 10MP + 10 MP),5000.0,30990000.0,108,12,10,1
140,Nokia C30 3Gb 32Gb,Nokia,32.0,3.0,SC9863A 8 nhân 1.6GHz,6.82,13MP AF + 2MP FF C?m biê´n d? sâu,6000.0,3290000.0,13,2,0,10
141,Oppo Reno 7 Z (5G) 8GB 128GB Chính hãng,Oppo,128.0,8.0,Snapdragon 695 5G 8 nhân,6.43,"C?m 3 camera Chính 64 MP & Ph? 2 MP, 2 MP",4500.0,10490000.0,64,2,2,4
142,Xiaomi Pad 6 Pro 8GB 128GB Box,Xiaomi,128.0,8.0,Snapdragon 8+ Gen 1 (4 nm),11.0,50MP - 2MP,8600.0,9990000.0,50,2,0,3
144,Samsung Galaxy A54 (5G) 8GB 128GB Chính Hãng,Samsung,128.0,8.0,Exynos 1380,6.4,50MP -12MP - 5MP,5000.0,10490000.0,50,12,5,1
147,Samsung Galaxy Z Fold6 (5G) 12GB 1TB Chính Hãng,Samsung,1024.0,12.0,Snapdragon 8 Gen 3 (4 nm),6.3,50MP - 10MP - 12MP,4400.0,54990000.0,50,10,12,1
148,Xiaomi Redmi Note 13 8GB 256GB Chính Hãng,Xiaomi,256.0,8.0,Qualcomm Snapdragon 685,6.67,108MP - 8MP - 2MP,5000.0,5990000.0,108,8,2,3
149,Xiaomi Redmi K60e (5G) 8GB 128GB Box,Xiaomi,128.0,8.0,Mediatek Dimensity 8200 (4 nm),6.67,Triple cam (48MP + 2MP + 2MP),5500.0,10990000.0,48,2,2,3
150,iPhone 12 128GB Chính hãng VN/A,Apple,128.0,4.0,Apple A14 Bionic (5nm),6.1,Dual 12 MP,2815.0,21600000.0,12,0,0,2
151,Xiaomi Redmi Note 13 (5G) 12GB 256GB Box,Xiaomi,256.0,12.0,Mediatek Dimensity 6080 (6 nm),6.67,100MP – 2MP,5000.0,6990000.0,100,2,0,3
153,Xiaomi Poco X5 Pro (5G) 6GB 128GB Chính Hãng,Xiaomi,128.0,6.0,Qualcomm SM7325 Snapdragon 778G 5G (6 nm),6.67,108MP - 8MP - 2MP,5000.0,8990000.0,108,8,2,3
154,Xiaomi Redmi Note 13 Pro (5G) 8GB 128GB Box,Xiaomi,128.0,8.0,Snapdragon 7s Gen 2,6.67,200MP + 8MP + 2MP,5100.0,6990000.0,200,8,2,3
155,Samsung Galaxy Z Flip4 (5G) 128GB Chính hãng,Samsung,128.0,8.0,Snapdragon 8+ Gen 1 (4 nm),6.7,"Camera góc r?ng: 12 MP, f/1.8, PDAF, OIS Camera góc siêu r?ng: 12 MP, f/2.2, 123°",3700.0,25990000.0,12,12,0,1
156,ZTE nubia Red Magic 8S Pro 12GB 256GB Box,ZTE,256.0,8.0,Snapdragon 8 Gen 2 (4 nm),6.8,50MP - 8MP - 2MP,6000.0,16990000.0,50,8,2,7
157,Xiaomi Redmi Note 13 Pro (4G) 8GB 256GB Chính Hãng,Xiaomi,256.0,8.0,Mediatek Helio G99 Ultra,6.67,200MP - 8MP - 2MP,5000.0,7990000.0,200,8,2,3
158,Xiaomi Pad 6 8GB 128GB Box,Xiaomi,128.0,8.0,Qualcomm SM8250-AC Snapdragon 870 5G (7 nm),11.0,13MP,8840.0,7590000.0,13,0,0,3
159,Xiaomi 13 Pro (5G) 8GB 128GB Box,Xiaomi,128.0,8.0,Snapdragon 8 Gen 2 (4 nm),6.73,50MP + 50MP + 50MP,4820.0,19990000.0,50,50,50,3
160,Samsung Galaxy Z Flip4 (5G) 256GB Chính hãng,Samsung,256.0,6.0,Snapdragon 8+ Gen 1 (4 nm),6.7,"Camera góc r?ng: 12 MP, f/1.8, PDAF, OIS Camera góc siêu r?ng: 12 MP, f/2.2, 123°",3700.0,23990000.0,12,12,0,1
161,Xiaomi Redmi Note 13 8GB 128GB Chính Hãng,Xiaomi,128.0,8.0,Qualcomm Snapdragon 685,6.67,108MP - 8MP - 2MP,5000.0,5290000.0,108,8,2,3
162,iPhone 11 128GB Chính hãng VN/A,Apple,128.0,4.0,Apple A13 Bionic (7 nm+),6.1,Dual 12 MP,3110.0,21690000.0,12,0,0,2
163,Samsung Galaxy S22 Plus (5G) 8GB 256GB Chính hãng,Samsung,256.0,8.0,Snapdragon 8 Gen 1 8 nhân,6.6,50MP – 10MP – 12MP,4800.0,27490000.0,50,10,12,1
164,Oppo Reno 12F (5G) Chi´nh Ha~ng,Oppo,256.0,12.0,Mediatek Dimensity 6300 (6 nm),6.67,50MP - 8MP - 2MP,5000.0,9490000.0,50,8,2,4
165,TECNO Camon 20 Pro (8+8GB/256GB) - Chính Hãng,Tecno,256.0,8.0,Mediatek MT8781 Helio G99 (6nm),6.67,64MP - 2MP,5000.0,4990000.0,64,2,0,6
166,Samsung Galaxy A23 (5G) 4GB 128GB Chính hãng,Samsung,128.0,4.0,Qualcomm SM6375 Snapdragon 695 5G (6 nm),6.6,50MP + 5MP + 2MP + 2MP,5000.0,6690000.0,50,5,2,1
168,Samsung Galaxy Z Flip5 8GB 512GB Chính Hãng,Samsung,512.0,8.0,Snapdragon 8 Gen 2 for Galaxy,6.7,12MP - 12MP,3700.0,29990000.0,12,12,0,1
169,Nokia G11 Plus 3GB 64GB Chính hãng,Nokia,64.0,3.0,Unisoc T606,6.52,"AI 50MP AF, f/1.8+ 2MP, c?m bi?n d? sâu tru?ng ?nh",5000.0,3590000.0,50,2,0,10
172,Xiaomi Redmi Note 13 Pro (5G) 12GB 256GB Box,Xiaomi,256.0,12.0,Snapdragon 7s Gen 2,6.67,200MP + 8MP + 2MP,5100.0,6590000.0,200,8,2,3
174,Xiaomi Redmi Note 12 4GB 128GB Chính Hãng,Xiaomi,128.0,4.0,Qualcomm Snapdragon 685 (6 nm),6.67,50MP - 8MP - 2MP,5000.0,4990000.0,50,8,2,3
176,Samsung Galaxy Z Flip6 (5G) 12GB 256GB Chính Hãng,Samsung,256.0,8.0,Snapdragon 8 Gen 3 (4 nm),3.4,50MP - 12MP,4000.0,28990000.0,50,12,0,1
180,Xiaomi Redmi Note 13 Pro Plus (5G) 12GB 256GB Box,Xiaomi,256.0,12.0,Dimensity 7200 Ultra (4 nm),6.67,200MP - 8MP - 2MP,5000.0,7990000.0,200,8,2,3
181,Oscal Tiger 12 12GB 256GB Chính Hãng,Oscal,256.0,12.0,MediaTek Helio G99,6.78,64MP - 2MP,5000.0,4590000.0,64,2,0,12
182,Samsung Galaxy S24 Plus (5G) 12GB 512GB Chính Hãng,Samsung,512.0,12.0,Exynos 2400,6.7,50MP - 10MP - 12MP,4900.0,30490000.0,50,10,12,1
183,TECNO Pova 4 (4G) (8+8GB/128GB) - Chính Hãng,Tecno,128.0,8.0,Mediatek MT8781 Helio G99 (6nm),6.82,50MP,6000.0,4490000.0,50,0,0,6
184,Xiaomi Redmi Note 12 Turbo 12GB 512GB Box,Xiaomi,512.0,12.0,Qualcomm SM7475-AB Snapdragon 7+ Gen 2 (4 nm),6.67,64MP – 8MP – 2MP,5000.0,7990000.0,64,8,2,3
185,Samsung Galaxy S24 (5G) 8GB 256GB Chính Hãng,Samsung,256.0,8.0,Exynos 2400,6.2,50MP - 10MP - 12MP,4000.0,22990000.0,50,10,12,1
186,Oppo A95 8GB 128GB Chính hãng,Oppo,128.0,8.0,Qualcomm® Snapdragon™ 662,6.43,"Camera chính: 48MP, f/1.7, AF Camera chân dung: 2MP, f/2.4 Camera macro: 2MP, f/2.4",5000.0,6990000.0,48,2,2,4
188,Xiaomi Redmi A1 2GB 32GB Chính hãng,Xiaomi,32.0,2.0,MediaTek MT6761 (Helio A22),6.52,Chính 8MP & Ph? QVGA,5000.0,2190000.0,8,0,0,3
189,OPPO Reno6 (5G) 6GB 128GB Chính hãng,Oppo,128.0,8.0,MediaTek Dimensity 900 5G,6.43,"Chính 64 MP & Ph? 8 MP, 2 MP",4300.0,12990000.0,64,8,2,4
191,Oppo A57 4GB 128GB Chính Hãng,Oppo,128.0,4.0,Mediatek MT6765G Helio G35 (12 nm),6.56,13MP – 2MP,5000.0,4490000.0,13,2,0,4
193,Realme C55 (4G) 6GB 128GB Chính Hãng,Realme,128.0,6.0,Mediatek Helio G88 (12nm),6.72,64MP - 2MP,5000.0,4990000.0,64,2,0,5
194,Xiaomi Redmi 12 (4G) 4GB 128GB Chính Hãng,Xiaomi,128.0,4.0,Mediatek Helio G88 (12nm),6.79,50MP - 8MP - 2MP,5000.0,3990000.0,50,8,2,3
195,Xiaomi Redmi Note 13 Pro (5G) 8GB 256GB Chính Hãng,Xiaomi,256.0,8.0,Snapdragon 7s Gen 2,6.67,200MP + 8MP + 2MP,5100.0,9990000.0,200,8,2,3
197,TECNO Camon 30 (8+8GB/256GB) - Chính Hãng,Tecno,256.0,8.0,Mediatek Helio G99 Ultimate,6.78,50 MP - 2 MP,5000.0,6490000.0,50,2,0,6
198,Xiaomi Redmi Turbo 3 Box - B?o hành 15 Tháng,Xiaomi,256.0,12.0,Snapdragon 8s Gen 3 (4 nm),6.67,50MP - 8MP - 2MP,5000.0,8490000.0,50,8,2,3
199,Samsung Galaxy S23 Ultra (5G) 12GB 512GB Chính Hãng,Samsung,512.0,12.0,Qualcomm SM8550 Snapdragon 8 Gen 2 (4 nm),6.8,200MP - 10MP - 10MP,5000.0,36990000.0,200,10,10,1
200,Xiaomi 13 Ultra 12GB 256GB Box,Xiaomi,256.0,12.0,Qualcomm SM8550-AB Snapdragon 8 Gen 2 (4 nm),6.73,50MP - 50MP - 50MP - 50MP,5000.0,20990000.0,50,50,50,3
201,BPhone A60 chính hãng,BPhone,128.0,6.0,Helio G85,6.7,4 cam ( 16Mp + 2Mp + 5Mp + 2Mp ),5000.0,6490000.0,0,0,0,9
202,Oppo A55 4GB 64GB Chính hãng,Oppo,64.0,4.0,MediaTek Helio G35,6.5,"Camera góc r?ng: 50 MP, f/2.2, 25mm 1/3.06"", 1.12µm, PDAF Camera c?n c?nh: 2 MP, f/2.4 Camera xóa phông: 2 MP, f/2.4",5000.0,4990000.0,50,2,2,4
203,Samsung Galaxy A03 (4G) 3GB 32GB Chính hãng,Samsung,32.0,3.0,Unisoc T606 8 nhân,6.5,Chính 48 MP & Ph? 2 MP,5000.0,2990000.0,48,2,0,1
204,Oppo Reno 8T (5G) 8GB 128Gb Chính Hãng,Oppo,128.0,8.0,Qualcomm SM6375 Snapdragon 695 5G (6 nm),6.7,108MP - 2MP - 2MP,4800.0,9990000.0,108,2,2,4
207,Xiaomi Mix Fold2 12GB 256GB Box,Xiaomi,256.0,12.0,Snapdragon 8+ Gen 1 (4 nm),8.02,50MP - 8MP - 13MP,4500.0,30990000.0,50,8,13,3
208,Xiaomi Pad 6 Pro 12GB 256GB Box,Xiaomi,256.0,12.0,Snapdragon 8+ Gen 1 (4 nm),11.0,50MP - 2MP,8600.0,12990000.0,50,2,0,3
209,Samsung Galaxy A34 (5G) 8GB 256GB Chính Hãng,Samsung,256.0,8.0,Dimensity 1080,6.6,48MP - 8MP - 5MP,5000.0,9990000.0,48,8,5,1
210,Samsung Galaxy A34 (5G) 8GB 128GB Chính Hãng,Samsung,128.0,8.0,Dimensity 1080,6.6,48MP - 8MP - 5MP,5000.0,8490000.0,48,8,5,1
212,Xiaomi Redmi Note 13 6GB 128GB Chính Hãng,Xiaomi,128.0,6.0,Qualcomm Snapdragon 685,6.67,108MP - 8MP - 2MP,5000.0,4890000.0,108,8,2,3
213,Oppo A58 (4G) 6GB 128GB Chính Hãng,Oppo,128.0,6.0,Mediatek MT6769 Helio G85 (12nm),6.72,50 MP - 2 MP,5000.0,5690000.0,50,2,0,4
214,ZTE Blade V50 Design 8GB 128GB Chính Hãng,ZTE,128.0,8.0,Unisoc T606 Octa-Core 1.6GHz,6.6,50MP - 2MP - 2MP,5000.0,2990000.0,50,2,2,7
215,OPPO A18 4GB 64GB Chính Hãng,Oppo,64.0,4.0,Mediatek MT6769 Helio G85 (12nm),6.56,"8 MP - 2 MP,",5000.0,3990000.0,8,2,0,4
217,Samsung Galaxy M34 (5G) 8GB 128GB Chính Hãng,Samsung,128.0,8.0,Exynos 1280,6.5,50MP - 8GB - 2MP,6000.0,7990000.0,50,2,0,1
218,Oppo A38 4GB 64GB Chính Hãng,Oppo,64.0,4.0,Lõi tám (2x2.0 GHz Cortex-A75 & 6x1.8 GHz Cortex-A55),6.56,50 MP - 2 MP,5000.0,3990000.0,50,2,0,4
220,Samsung Galaxy A55 (5G) 8GB 128GB Chính Hãng,Samsung,128.0,8.0,Exynos 1480,6.6,50MP - 12MP - 5MP,5000.0,9990000.0,50,12,5,1
221,Xiaomi Redmi K60 (5G) 16GB 256GB Box,Xiaomi,256.0,16.0,Qualcomm SM8475 Snapdragon 8+ Gen 1 (4 nm),6.67,"Camera góc r?ng: 64MP, f/1.8, 1/2"", 0,7µm, PDAF, OIS Camera góc siêu r?ng: 8MP, 120°, 1/4"", 1,12µm Camera macro: 2MP, f/2.4",5500.0,9990000.0,64,8,2,3
228,Samsung Galaxy S22 Ultra (5G) 12GB 512GB Chính hãng,Samsung,512.0,12.0,Snapdragon 8 Gen 1 8 nhân,6.8,4 cam (108MP + 12MP + 10MP + 10 MP),5000.0,36990000.0,108,12,10,1
229,Oppo Reno 10 Pro (5G) 12GB 256GB Chính Hãng,Oppo,256.0,12.0,Qualcomm SM7325 Snapdragon 778G 5G (6 nm),6.7,50MP - 32MP - 8MP,4600.0,14990000.0,50,32,8,4
231,Xiaomi Redmi Note 13 Pro (5G) 8GB 256GB Box,Xiaomi,256.0,8.0,Snapdragon 7s Gen 2,6.67,200MP + 8MP + 2MP,5100.0,6990000.0,200,8,2,3
232,Xiaomi Pad 6 6GB 128GB Box,Xiaomi,128.0,6.0,Qualcomm SM8250-AC Snapdragon 870 5G (7 nm),11.0,13MP,8840.0,7990000.0,13,0,0,3
233,Realme GT Neo 5 16Gb 256GB Box,Realme,256.0,16.0,Qualcomm SM8475 Snapdragon 8+ Gen 1 (4 nm),6.74,50Mp + 8MP + 2MP,5000.0,12990000.0,8,2,0,5
235,Samsung Galaxy S23 FE 8GB 128GB Chính Hãng,Samsung,128.0,8.0,Exynos 2200 (4 nm),6.4,50MP - 8MP - 12MP,4500.0,14990000.0,50,8,12,1
236,iPhone 15 Pro Max 256GB VN/A,Apple,256.0,8.0,A17 Pro,6.7,"Camera chính: 48MP, 24 mm, ƒ/1.78, Camera góc siêu r?ng: 12 MP, 13 mm, ƒ/2.2",4422.0,36990000.0,48,12,0,2
237,Realme GT Neo 6 12GB 256GB Box - B?o Hành 15 tháng,Realme,256.0,12.0,Qualcomm SM8635 Snapdragon 8s Gen 3 (4 nm),6.78,50 MP - 8 MP,5500.0,9690000.0,50,8,0,5
238,Xiaomi Redmi Note 12 (5G) 6GB 128GB Box,Xiaomi,128.0,6.0,Snapdragon 4 Gen 1,6.67,"48 MP, (góc r?ng), 0.8µm, PDAF 2 MP, f/2.4, (d? sâu) Quay phim: 1080p@30/60fps",5000.0,4990000.0,48,2,0,3
239,Nokia 110 DS 4G,Nokia,128.0,0.046875,Unisoc T107,1.8,0.08 MP,1020.0,810000.0,8,0,0,10
240,Realme 11 Pro Plus (5G) 12GB 256GB Box,Realme,256.0,12.0,Dimensity 7050 (6 nm),6.7,200MP + 8MP + 2MP,5000.0,8990000.0,200,8,2,5
242,Realme GT Neo 5 12GB 256GB Box,Realme,256.0,12.0,Qualcomm SM8475 Snapdragon 8+ Gen 1 (4 nm),6.74,50Mp + 8MP + 2MP,5000.0,12990000.0,8,2,0,5
243,Nokia 110 4G Pro (2023) Chính Hãng,Nokia,128.0,0.046875,Unisoc T107,1.77,QVGA,1450.0,710000.0,0,0,0,10
244,Nokia C32 4GB 128GB Chính Hãng,Nokia,128.0,4.0,Unisoc SC9863A,6.5,50.0 MP + 2.0 MP,5000.0,3290000.0,0,0,0,10
245,TECNO Spark 10 Pro (8+8GB/128GB) - Chính Hãng,Tecno,128.0,8.0,Mediatek Helio G88 (12nm),6.8,50MP - 0.8MP,5000.0,3990000.0,50,8,0,6
246,Samsung Galaxy Z Fold5 12GB 512GB Chính Hãng,Samsung,512.0,12.0,Snapdragon 8 Gen 2 for Galaxy,7.6,50MP - 12MP - 12MP,4400.0,44990000.0,50,12,12,1
247,Xiaomi Civi 3 12GB 256GB Box,Xiaomi,256.0,12.0,Mediatek Dimensity 8200 Ultra (4 nm),6.55,50MP – 8MP – 2MP,4500.0,8990000.0,50,8,2,3
248,TECNO Spark 20 Pro+ (8+8GB/256GB) - Chính Hãng,Tecno,256.0,8.0,Mediatek Helio G99 Ultimate,6.78,108MP - 2MP - 32MP,5000.0,5490000.0,108,2,32,6
250,INOI A83 (4G) 6GB 128GB Chính Hãng,INOI,128.0,6.0,Unisoc T606,6.5,48MP - 2MP - 2MP,4000.0,2590000.0,48,2,2,14
251,Oppo A17K 3GB 64GB Chính Hãng,Oppo,64.0,3.0,Mediatek MT6765 Helio G35 (12 nm),6.56,"8 MP, f/2.0",5000.0,3290000.0,8,0,0,4
252,Samsung Galaxy S24 Ultra (5G) 12GB 1TB Chính Hãng,Samsung,1024.0,12.0,Snapdragon 8 Gen 3 (4 nm),6.8,200MP - 50MP - 10MP - 12MP,5000.0,44490000.0,200,50,10,1
254,Nokia 105 4G Pro (2023) Chính Hãng,Nokia,128.0,0.046875,Unisoc T107,1.8,QQVGA (120 x 160 Pixels),1450.0,780000.0,0,0,0,10
255,iPhone 11 64GB chính hãng VN/A,Apple,64.0,4.0,Apple A13 Bionic (7 nm+),6.1,Dual 12 MP,3110.0,14990000.0,12,0,0,2
257,Nokia G11 Plus 3GB 32GB Chính hãng,Nokia,32.0,3.0,Unisoc T606,6.52,"AI 50MP AF, f/1.8+ 2MP, c?m bi?n d? sâu tru?ng ?nh",5000.0,3390000.0,50,2,0,10
258,Oppo A77s 8GB 128GB Chính Hãng,Oppo,128.0,8.0,Qualcomm SM6225 Snapdragon 680 4G (6 nm),6.56,50.0 MP + 2.0 MP,5000.0,6290000.0,0,0,0,4
259,Xiaomi 12T 8GB 128GB Chính hãng,Xiaomi,128.0,8.0,MediaTek Dimensity 8100-Ultra,6.67,108MP - 8MP - 2MP,5000.0,12490000.0,108,8,2,3
260,Xiaomi Redmi K50 (5G) 12GB 256GB Box,Xiaomi,256.0,12.0,MediaTek Dimensity 8100 (5 nm),6.67,48MP + 8MP + 2MP,5500.0,9490000.0,48,8,2,3
261,Samsung Galaxy S23 Plus (5G) 8GB 256GB Chính Hãng,Samsung,256.0,8.0,Qualcomm SM8550 Snapdragon 8 Gen 2 (4 nm),6.6,50MP - 10MP - 12MP,4700.0,26990000.0,50,10,12,1
262,TCL 406S 4GB 64GB Chính Hãng,TCL,64.0,4.0,Helio G25,6.6,13MP - 2MP,5000.0,2190000.0,13,2,0,13
263,Xiaomi Redmi Note 12 Pro Plus 8GB 256GB Likenew Fullbox,Xiaomi,256.0,8.0,Mediatek MT6877V Dimensity 1080 (6 nm) 8 nhân (2x2.6 GHz & 6x2.0 GHz),6.78,200 MP,5000.0,7990000.0,200,0,0,3
264,TECNO Pova 6 (8+8GB/256GB) - Chính Hãng,Tecno,256.0,8.0,MTK Helio G99 Ultimate,6.78,108 MP,6000.0,6490000.0,108,0,0,6
266,Xiaomi Pad 6 Pro 8GB 256GB Box,Xiaomi,256.0,8.0,Snapdragon 8+ Gen 1 (4 nm),11.0,50MP - 2MP,8600.0,9990000.0,50,2,0,3
270,Samsung Galaxy A23 (4G) 4GB 128GB Chính hãng,Samsung,128.0,4.0,Snapdragon 680 (SM6225),6.6,50MP + 5MP + 2MP + 2MP,5000.0,5690000.0,50,5,2,1
272,Oppo Reno 11 F (5G) 8GB 256GB Chính Hãng,Oppo,256.0,8.0,Octa-core (2x2.6 GHz Cortex-A78 & 6x2.0 GHz Cortex-A55),6.7,64 MP - 8MP - 2MP,5000.0,8690000.0,64,8,2,4
273,Xiaomi Redmi 13C 4GB 128GB Chính Hãng,Xiaomi,128.0,4.0,Mediatek MT6769Z Helio G85 (12nm),6.74,50MP - 2MP - 0.08MP,5000.0,3590000.0,50,2,8,3
274,Samsung Galaxy A24 (4G) 6GB 128GB Chính Hãng,Samsung,128.0,6.0,Mediatek MT8781 Helio G99 (6nm),6.5,50MP - 5MP - 2MP,5000.0,6490000.0,50,5,2,1
275,Samsung Galaxy S23 Ultra (5G) 8GB 256GB Chính Hãng,Samsung,256.0,8.0,Qualcomm SM8550 Snapdragon 8 Gen 2 (4 nm),6.8,200MP - 10MP - 10MP,5000.0,31990000.0,200,10,10,1
277,Oppo Reno 12 (5G) Chi´nh Ha~ng,Oppo,256.0,12.0,Mediatek Dimensity 7300 Energy (4 nm),6.7,50 MP - 8 MP - 2 MP,5000.0,12990000.0,50,8,2,4
278,TECNO Pova 5 (8+8GB/256GB) - Chính Hãng,Tecno,256.0,8.0,MediaTek Helio G99 (6nm),6.78,50MP,6000.0,5990000.0,50,0,0,6
279,Oppo Reno 8T (4G) 8GB 256GB Chính Hãng,Oppo,256.0,8.0,MediaTek Helio G99 (6nm),6.43,100MP - 2MP - 2MP,5000.0,8990000.0,100,2,2,4
280,TECNO Camon 20 (8+8GB/256GB) - Chính Hãng,Tecno,256.0,8.0,MediaTek MT6769Z Helio G85 (12nm),6.67,64MP - 2MP,5000.0,4990000.0,64,2,0,6
281,Samsung Galaxy A42 5G Hàn Cu 99%,Samsung,128.0,4.0,Qualcomm SM7225 Snapdragon 750 5G (8 nm),6.6,"Chính 48 MP & Ph? 12 MP, 5 MP, 5 MP",5000.0,3290000.0,48,12,5,1
282,Nokia 105 DS 4G,Nokia,128.0,0.046875,Unisoc T107,1.8,0,1020.0,710000.0,0,0,0,10
283,ZTE Blade A54 4GB 128GB Chính Hãng,ZTE,128.0,4.0,Unisoc SC9863A,6.6,13MP - 2MP,5000.0,2290000.0,13,2,0,7
284,Xiaomi Redmi K50 (5G) 8GB 256GB Box,Xiaomi,256.0,8.0,MediaTek Dimensity 8100 (5 nm),6.67,48MP + 8MP + 2MP,5500.0,9490000.0,48,8,2,3
286,Oppo A78 (4G) 8GB 256GB Chính Hãng,Oppo,256.0,8.0,Snapdragon 680 4G (6nm),6.43,50 MP - 2 MP,5000.0,6990000.0,50,2,0,4
287,iPhone 14 256GB chính hãng VNA,Apple,256.0,6.0,Apple A15 Bionic,6.1,Camera góc r?ng: 12MP Camera góc siêu r?ng: 12MP,3279.0,28990000.0,12,12,0,2
288,Xiaomi Poco X5 (5G) 6GB 128Gb Chính Hãng,Xiaomi,128.0,6.0,Qualcomm SM6375 Snapdragon 695 5G (6 nm),6.67,48MP - 8MP - 2MP,5000.0,6990000.0,48,8,2,3
289,ZTE Blade V50 Design 8GB 256GB Chính Hãng,ZTE,128.0,8.0,Unisoc T606 Octa-Core 1.6GHz,6.6,50MP - 2MP - 2MP,5000.0,3290000.0,50,2,2,7
290,Samsung Galaxy S22 Plus (5G) 8GB 128GB Chính hãng,Samsung,128.0,8.0,Snapdragon 8 Gen 1 8 nhân,6.6,50MP – 10MP – 12MP,4500.0,25990000.0,50,10,12,1
291,Xiaomi Redmi Note 12 Turbo 16GB 1TB Box,Xiaomi,1024.0,16.0,Qualcomm SM7475-AB Snapdragon 7+ Gen 2 (4 nm),6.67,64MP – 8MP – 2MP,5000.0,7990000.0,64,8,2,3
292,Xiaomi Redmi Note 13 Pro Plus (5G) 12GB 512GB Box,Xiaomi,512.0,12.0,Dimensity 7200 Ultra (4 nm),6.67,200MP - 8MP - 2MP,5000.0,8590000.0,200,8,2,3
293,Xiaomi Redmi Note 12 Turbo 12GB 256GB Box,Xiaomi,256.0,12.0,Qualcomm Snapdragon 7+ Gen 2,6.67,64MP – 8MP – 2MP,5000.0,6990000.0,64,8,2,3
294,iPhone 13 256GB Chính hãng VN/A,Apple,256.0,4.0,Apple A15 Bionic Chip,6.1,C?m bi?n LiDAR,3240.0,27990000.0,0,0,0,2
295,iPhone 15 Pro 128GB VN/A,Apple,128.0,8.0,A17 Bionic,6.1,"48MP, 24 mm, ƒ/1.78, Camera góc siêu r?ng: 12 MP, 13 mm, ƒ/2.2 Camera Tele 3x: 12 MP, 77 mm, ƒ/2.8 Camera Tele 2x: 12 MP, 48 mm, ƒ/1.78",3274.0,30990000.0,48,12,12,2
296,Xiaomi Redmi K40s (5G) 8GB 256GB Box,Xiaomi,256.0,8.0,Qualcomm Snapdragon 870,6.67,48MP + 8MP + 2MP,4500.0,8450000.0,48,8,2,3
299,Samsung Galaxy S22 (5G) 8GB 128GB Chính hãng,Samsung,128.0,8.0,Snapdragon 8 Gen 1 8 nhân,6.1,50MP – 10MP – 12MP,3700.0,21990000.0,50,10,12,1
301,Oppo Reno 10 (5G) 8GB 128GB Chính Hãng,Oppo,128.0,8.0,Dimensity 7050,6.7,64MP - 32MP - 8MP,5000.0,10990000.0,64,32,8,4
305,Xiaomi Redmi Note 13 (5G) 8GB 128GB Box - BH 15 Tháng,Xiaomi,128.0,8.0,Mediatek Dimensity 6080 (6 nm),6.67,100MP – 2MP,5000.0,5990000.0,100,2,0,3
306,Samsung Galaxy A04e 3GB 32GB Chính Hãng,Samsung,32.0,3.0,Mediatek MT6765 Helio P35 (12nm),6.5,13 MP - 2 MP,5000.0,3990000.0,13,2,0,1
307,Xiaomi Redmi K60 Pro (5G) 8GB 128GB Box,Xiaomi,128.0,8.0,Snapdragon 8 Gen 2 (4 nm),6.67,"Camera góc r?ng: 54MP, f/1.9, 1/1.49"", 1.0µm, PDAF, OIS Camera góc siêu r?ng: 8MP, 118°, 1/4"", 1.12µm Camera macro: 2 MP, f/2.4",5000.0,10990000.0,54,8,2,3
308,Xiaomi Redmi Note 13 Pro Plus (5G) 12GB 256GB Chính Hãng,Xiaomi,256.0,12.0,Dimensity 7200 Ultra (4 nm),6.67,200MP - 8MP - 2MP,5000.0,10990000.0,200,8,2,3
310,Samsung Galaxy Z Fold5 12GB 256GB Chính Hãng,Samsung,256.0,12.0,Snapdragon 8 Gen 2 for Galaxy,7.6,50MP - 12MP - 12MP,4400.0,40990000.0,50,12,12,1
311,ZTE Blade A34 2GB 64GB Chính Hãng,ZTE,64.0,2.0,Unisoc SC9863A,6.6,5MP - 2MP,5000.0,1790000.0,5,2,0,7
312,Samsung Galaxy Z Fold6 (5G) 12GB 512GB Chính Hãng,Samsung,512.0,12.0,Snapdragon 8 Gen 3 (4 nm),6.3,50MP - 10MP - 12MP,4400.0,47990000.0,50,10,12,1
313,TECNO Spark 10 Pro (8+8GB/256GB) - Chính Hãng,Tecno,256.0,8.0,Mediatek Helio G88 (12nm),6.8,50MP - 0.8MP,5000.0,4990000.0,50,8,0,6
314,TECNO Spark 20C (4+4GB/128GB) - Chính Hãng,Tecno,128.0,4.0,Mediatek,6.6,50MP - 0.08MP,5000.0,2690000.0,50,8,0,6
315,Xiaomi Redmi Note 12 Turbo 16GB 256GB Box,Xiaomi,256.0,16.0,Qualcomm SM7475-AB Snapdragon 7+ Gen 2 (4 nm),6.67,64MP – 8MP – 2MP,5000.0,9090000.0,64,8,2,3
316,Samsung Galaxy S24 Ultra (5G) 12GB 256GB Chính Hãng,Samsung,256.0,12.0,Snapdragon 8 Gen 3 (4 nm),6.8,200MP - 50MP - 10MP - 12MP,5000.0,33990000.0,200,50,10,1
317,Xiaomi 14 (5G) 12GB 256GB Chính Hãng,Xiaomi,256.0,12.0,Qualcomm Snapdragon 8 Gen 3 (4 nm),6.36,50MP - 50MP - 50MP,4610.0,22990000.0,50,50,50,3
318,Samsung Galaxy A15 (4G)  8GB 128GB Chính Hãng,Samsung,128.0,8.0,Mediatek Helio G99,6.5,50MP - 5MP - 2MP,5000.0,4990000.0,50,5,2,1
319,Xiaomi Redmi Pad SE 8GB 128GB Box,Xiaomi,128.0,8.0,Snapdragon 680 4G (6 nm),11.0,8MP,8000.0,4990000.0,8,0,0,3
320,Oppo A74 8GB 128GB Chính hãng,Oppo,128.0,8.0,"Qualcomm Snapdragon 662, t?i da 2.0GHz",6.43,"Camera chính: 48 MP, f/1.7 Camera c?n c?nh: 2 MP, f/2.4 Camera don s?c: 2 MP, f/2.4",5000.0,6990000.0,48,2,2,4
321,iPhone 13 256GB Chính Hãng VN/A,Apple,256.0,4.0,Apple A15 Bionic (5 nm),6.1,"12 MP f/1.5, 26mm (góc rộng)12 MP, f/1.8, 13mm, 120˚ (góc siêu rộng)",3240.0,27689000.0,12,12,0,2
322,iPhone 11 128GB Cũ 99%,Apple,128.0,4.0,Apple A13 Bionic (7 nm+),6.1,"12 MP, f/1.8, 26mm (góc rộng)12 MP, f/2.4, 120˚, 13mm (góc siêu rộng)",3110.0,10289000.0,12,12,0,2
323,iPhone Xs Max 256GB Cũ 99%,Apple,256.0,4.0,Apple A12 Bionic (7 nm),6.5,"12 MP, f/1.8, 26mm (góc rộng)12 MP, f/2.4, 52mm (telephoto)",3174.0,10589000.0,12,12,0,2
325,iPhone 13 Pro Max 256GB Cũ,Apple,256.0,6.0,Apple A15 Bionic (5 nm),6.7,"12 MP, f/2.8, 77mm (telephoto)12 MP f/1.5, 26mm (góc rộng)12 MP, f/1.8, 13mm, 120˚ (góc siêu rộng)",4352.0,23789000.0,12,12,12,2
326,Oppo A38 4GB/128GB Chính Hãng,Oppo,128.0,4.0,Mediatek MT6769 Helio G85 (12nm),6.56,"50 MP, f/1.8, (góc rộng)2 MP, f/2.4, (depth)",5000.0,4989000.0,50,2,0,4
328,Samsung Galaxy S23 FE 8GB/128GB Chính Hãng,Samsung,128.0,8.0,Exynos 2200 (4 nm),6.4,"12 MP, f/2.2, 13mm, 120˚ (góc siêu rộng)50 MP, f/1.8, 24mm (góc rộng)8 MP, f/2.4, 75mm (telephoto), PDAF, 3x optical zoom",4500.0,14899000.0,12,50,8,1
329,Samsung Galaxy S24 Ultra 12GB/1TB Chính Hãng,Samsung,256.0,12.0,Qualcomm SM8650-AC Snapdragon 8 Gen 3 (4 nm),6.8,"50 MP, f/1.8, 24mm (góc rộng), 1/1.56"", 1.0µm, Dual Pixel PDAF, OIS10 MP, f/2.4, 67mm (telephoto), 1/3.94"", 1.0µm, PDAF, OIS, 3x zoom quang học12 MP, f/2.2, 13mm, 120˚ (góc siêu rộng), 1/2.55"" 1.4µm, Chống Rung Video200 MP, f/1.7, 24mm (wide), 1/1.3"", 0.6µm, PDAF đa hướng, Laser AF, OIS",5000.0,44490000.0,50,10,12,1
330,iPhone 12 Pro Max 256GB Cũ,Apple,128.0,6.0,Apple A14 Bionic (5nm),6.7,"12 MP, f/1.6, 26mm (góc rộng)12 MP, f/2.4, 13mm, 120˚ (góc siêu rộng)12 MP, f/2.2, 65mm (telephoto)",3687.0,18689000.0,12,12,12,2
331,iPhone 14 Pro 128GB Cũ 98% - Sim Vật Lý,Apple,256.0,6.0,Apple A16 Bionic (4 nm),6.1,"48 MP, f/1.8, 24mm (góc rộng)12 MP, f/2.2, 13mm, 120˚ (góc siêu rộng)TOF 3D LiDAR scanner (depth)12 MP, f/2.8, 77mm (telephoto)",3200.0,24489000.0,48,12,12,2
334,Oppo Reno 11 5G 8GB/256GB Chính Hãng,Oppo,256.0,8.0,Mediatek Dimensity 8200 (4 nm),6.7,"50 MP, f/1.8, 26mm (góc rộng)8 MP, f/2.2, 16mm, 112˚ (góc siêu rộng)32 MP, f/2.0, 47mm (telephoto)",4800.0,10989000.0,50,8,32,4
335,Xiaomi Poco C65 6GB/128GB Chính hãng,Xiaomi,128.0,6.0,Mediatek MT6769Z Helio G85 (12nm),6.74,"2 MP, f/2.4, (macro)50 MP, f/1.8, 28mm (rộng)0,08 MP (ống kính phụ)",5000.0,2990000.0,2,50,8,3
336,Samsung Galaxy S24 8GB/256GB Chính Hãng - BHĐT,Samsung,256.0,8.0,Exynos 2400 (4 nm) 10 nhân,6.2,"50 MP, f/1.8, 24mm (góc rộng), 1/1.56"", 1.0µm, Dual Pixel PDAF, OIS10 MP, f/2.4, 67mm (telephoto), 1/3.94"", 1.0µm, PDAF, OIS, 3x zoom quang học12 MP, f/2.2, 13mm, 120˚ (góc siêu rộng), 1/2.55"" 1.4µm, Chống Rung Video",4000.0,22990000.0,50,10,12,1
337,Samsung Galaxy A15 8GB/256GB Chính Hãng - BHĐT,Samsung,256.0,8.0,Mediatek Helio G99 (6nm),6.5,"50 MP, f/1.8, (góc rộng)2 MP, f/2.4 (macro)5 MP, f/2.2 (góc siêu rộng)",5000.0,5189000.0,50,2,5,1
338,Samsung Galaxy A25 5G 6GB/128GB Chính Hãng - BHĐT,Samsung,128.0,6.0,Exynos 1280 (5 nm),6.5,"50 MP, f/1.8, (góc rộng)2 MP, f/2.4 (macro)8 MP, f/2.2, 120˚ (góc siêu rộng)",5000.0,6589000.0,50,2,8,1
339,iPhone 11 128GB Cũ,Apple,128.0,4.0,Apple A13 Bionic (7 nm+),6.1,"12 MP, f/1.8, 26mm (góc rộng)12 MP, f/2.4, 120˚, 13mm (góc siêu rộng)",3110.0,9289000.0,12,12,0,2
340,Samsung Galaxy A55 5G 8GB/128GB Chính Hãng - BHĐT,Samsung,128.0,8.0,Exynos 1480,6.6,"12 MP, f/2.2, 123˚ (góc siêu rộng)5 MP, f/2.4 (macro)50 MP, f/1.8, (góc rộng)",5000.0,9990000.0,12,5,50,1
341,Samsung Galaxy Z Flip6 5G 12GB/512GB Chính Hãng,Samsung,512.0,12.0,Qualcomm SM8650-AB Snapdragon 8 Gen 3 (4 nm),6.7,"12 MP, f/2.2, 123˚ (ultrawide), 1.12µm50 MP, f/1.8, 23mm (wide), 1.0µm, dual pixel PDAF, OIS",4000.0,32900000.0,12,50,0,1
342,iPhone 15 Pro 1TB Chính Hãng VN/A,Apple,1024.0,8.0,Apple A17 Pro (3 nm),6.1,"TOF 3D LiDAR scanner (depth)48 MP, f/1.8, 24mm (góc rộng), 1/1.28"", 1.22µm, dual pixel PDAF, sensor-shift OIS12 MP, f/2.8, 120mm (ống kính tiềm vọng), 1.12µm, dual pixel PDAF, 3D sensor‑shift OIS, 5x optical zoom",3274.0,43999000.0,48,12,0,2
343,Samsung Galaxy Z Fold5 5G 12GB/1TB Chính Hãng- BHĐT,Samsung,1024.0,12.0,Qualcomm SM8550-AC Snapdragon 8 Gen 2 (4 nm),7.6,"50 MP, f/1.8, 23mm (góc rộng)12 MP, f/2.2, 123˚, 12mm (góc siêu rộng)10 MP, f/2.4, (telephoto), PDAF, OIS, 3x optical zoom",4400.0,50989000.0,50,12,10,1
345,iPhone 12 64GB Cũ,Apple,64.0,4.0,Apple A14 Bionic (5nm),6.1,"12 MP, f/1.6, 26mm (góc rộng)12 MP, f/2.4, 13mm, 120˚ (góc siêu rộng)",2815.0,11389000.0,12,12,0,2
346,iPhone 15 128GB Likenew,Apple,128.0,6.0,Apple A16 Bionic (4 nm),6.1,"12 MP, f/2.4, 13mm, 120˚ (góc siêu rộng)TOF 3D LiDAR scanner (depth)48 MP, f/1.7, 26mm (góc rộng)",3279.0,21299000.0,12,48,0,2
347,iPhone 14 Pro Max 128GB Cũ 99%,Apple,128.0,6.0,Apple A16 Bionic (4 nm),6.7,"48 MP, f/1.8, 24mm (góc rộng)12 MP, f/2.2, 13mm, 120˚ (góc siêu rộng)TOF 3D LiDAR scanner (depth)12 MP, f/2.8, 77mm (telephoto)",4323.0,25989000.0,48,12,12,2
348,Samsung Galaxy A04e 3GB/32GB Chính Hãng - BHĐT,Samsung,32.0,3.0,Mediatek MT6765 Helio P35 (12nm),6.5,"13 MP, f/2.2 (góc rộng)2 MP, f/2.4 (xóa phông)",5000.0,3189000.0,13,2,0,1
350,Samsung Galaxy M34 5G 8GB/128GB Chính Hãng - BHĐT,Samsung,128.0,8.0,Exynos 1280 (5 nm),6.5,"50 MP, f/1.8, (góc rộng)8 MP, f/2.2, 120˚ (góc siêu rộng)2 MP, f/2.4",6000.0,7689000.0,50,8,2,1
351,iPhone 14 Plus 512GB Chính Hãng VN/A,Apple,512.0,6.0,Apple A15 Bionic (5 nm),6.7,"12 MP, f/2.4, 13mm, 120˚ (góc siêu rộng)12 MP f/1.5, 26mm (góc rộng)",4323.0,33989000.0,12,12,0,2
352,iPhone 15 Plus 512GB Chính Hãng VN/A,Apple,512.0,6.0,Apple A16 Bionic (4 nm),6.7,"12 MP, f/2.4, 13mm, 120˚ (góc siêu rộng)TOF 3D LiDAR scanner (depth)48 MP, f/1.7, 26mm (góc rộng)",4383.0,34999000.0,12,48,0,2
353,iPhone 14 128GB Chính Hãng VN/A,Apple,128.0,6.0,Apple A15 Bionic (5 nm),6.1,"12 MP, f/2.4, 13mm, 120˚ (góc siêu rộng)12 MP f/1.5, 26mm (góc rộng)",3279.0,21989000.0,12,12,0,2
354,Xiaomi Redmi 13C 6GB/128GB Chính Hãng,Xiaomi,128.0,6.0,Mediatek MT6769Z Helio G85 (12nm),6.74,"0.08 MP (xóa phông)2 MP, f/2.4, (macro)50 MP, f/1.8, 28mm (góc rộng)",5000.0,3489000.0,8,2,50,3
355,iPhone 11 Pro 256GB Cũ,Apple,256.0,4.0,Apple A13 Bionic (7 nm+),5.8,"12 MP, f/1.8, 26mm (góc rộng)12 MP, f/2.4, 120˚, 13mm (góc siêu rộng)12 MP, f/2.0, 52mm (telephoto)",3046.0,12089000.0,12,12,12,2
357,iPhone 13 Pro Max 128GB Cũ 99%,Apple,128.0,6.0,Apple A15 Bionic (5 nm),6.7,"12 MP, f/2.8, 77mm (telephoto)12 MP f/1.5, 26mm (góc rộng)12 MP, f/1.8, 13mm, 120˚ (góc siêu rộng)",4352.0,24489000.0,12,12,12,2
359,Samsung Galaxy Z Flip5 5G 8GB/512GB Chính Hãng - BHĐT,Samsung,512.0,8.0,Qualcomm SM8550-AB Snapdragon 8 Gen 2 (4 nm),6.7,"12 MP, f/1.8, 24mm (góc rộng)12 MP, f/2.2, 123˚ (góc siêu rộng)",3700.0,26589000.0,12,12,0,1
360,Samsung Galaxy A05 4GB/128GB Likenew - Fullbox,Samsung,128.0,4.0,MediaTek Helio G85 (12nm),6.7,"50 MP, f/1.8, (góc rộng)2 MP, f/2.4, (depth)",5000.0,4189000.0,50,2,0,1
361,iPhone 14 128GB Cũ,Apple,128.0,6.0,Apple A15 Bionic (5 nm),6.1,"12 MP, f/2.4, 13mm, 120˚ (góc siêu rộng)12 MP f/1.5, 26mm (góc rộng)",3279.0,16889000.0,12,12,0,2
362,Samsung Galaxy A05s 4GB/128GB Chính Hãng,Samsung,128.0,4.0,Snapdragon 680,6.7,"50 MP, f/1.8, (góc rộng)2 MP, f/2.4, (macro)2 MP, f/2.4, (depth)",5000.0,3989000.0,50,2,2,1
363,iPhone 13 128GB Cũ,Apple,128.0,4.0,Apple A15 Bionic (5 nm),6.1,"12 MP f/1.5, 26mm (góc rộng)12 MP, f/1.8, 13mm, 120˚ (góc siêu rộng)",3240.0,15489000.0,12,12,0,2
364,iPhone 11 Pro Max 64GB Cũ,Apple,64.0,4.0,Apple A13 Bionic (7 nm+),6.5,"12 MP, f/1.8, 26mm (góc rộng)12 MP, f/2.4, 120˚, 13mm (góc siêu rộng)12 MP, f/2.0, 52mm (telephoto)",3969.0,12789000.0,12,12,12,2
365,Samsung Galaxy Z Flip6 5G 12GB/256GB Chính Hãng,Samsung,256.0,12.0,Qualcomm SM8650-AB Snapdragon 8 Gen 3 (4 nm),6.7,"12 MP, f/2.2, 123˚ (ultrawide), 1.12µm50 MP, f/1.8, 23mm (wide), 1.0µm, dual pixel PDAF, OIS",4000.0,28990000.0,12,50,0,1
366,Xiaomi Mi 14 5G 12GB/256GB Chính Hãng,Xiaomi,256.0,12.0,	Snapdragon 8 Gen 3,6.36,"50 MP, f/2.0, 75mm (telephoto)50 MP, f/2.2, 14mm, 115˚ (góc siêu rộng)50 MP, f/1.6, 23mm (góc rộng)1/1.31"", 1.2µmLeica lens",4610.0,22999000.0,50,50,50,3
367,iPhone SE 2020 64GB Cũ 99%,Apple,64.0,3.0,Apple A13 Bionic (7 nm+),4.7,"12 MP, f/1.8 (góc rộng)",1821.0,5489000.0,12,0,0,2
368,iPhone 13 Pro Max 256GB Cũ 99%,Apple,256.0,6.0,Apple A15 Bionic (5 nm),6.7,"12 MP, f/2.8, 77mm (telephoto)12 MP f/1.5, 26mm (góc rộng)12 MP, f/1.8, 13mm, 120˚ (góc siêu rộng)",4352.0,25189000.0,12,12,12,2
370,Samsung Galaxy Z Flip6 5G 12GB/256GB Chính Hãng - BHĐT,Samsung,256.0,12.0,Qualcomm SM8650-AB Snapdragon 8 Gen 3 (4 nm),6.7,"12 MP, f/2.2, 123˚ (ultrawide), 1.12µm50 MP, f/1.8, 23mm (wide), 1.0µm, dual pixel PDAF, OIS",4000.0,32900000.0,12,50,0,1
371,Samsung Galaxy S23 Ultra 8GB/256GB Chính Hãng - BHĐT,Samsung,256.0,8.0,Qualcomm SM8550-AC Snapdragon 8 Gen 2 (4 nm),6.8,"12 MP, f/2.2, 13mm, 120˚ (góc siêu rộng)10 MP, f/2.4, 70mm (telephoto)10 MP, f/4.9, 230mm (camera tìm vọng)200 MP, f/1.7, 24mm (góc rộng)",5000.0,28589000.0,12,10,10,1
372,iPhone 15 Pro 512GB Chính Hãng VN/A,Apple,512.0,8.0,Apple A17 Pro (3 nm),6.1,"TOF 3D LiDAR scanner (depth)48 MP, f/1.8, 24mm (góc rộng), 1/1.28"", 1.22µm, dual pixel PDAF, sensor-shift OIS12 MP, f/2.8, 120mm (ống kính tiềm vọng), 1.12µm, dual pixel PDAF, 3D sensor‑shift OIS, 5x optical zoom",3274.0,37999000.0,48,12,0,2
373,iPhone 15 Plus 256GB Chính Hãng VN/A,Apple,256.0,6.0,Apple A16 Bionic (4 nm),6.7,"12 MP, f/2.4, 13mm, 120˚ (góc siêu rộng)TOF 3D LiDAR scanner (depth)48 MP, f/1.7, 26mm (góc rộng)",4383.0,28999000.0,12,48,0,2
375,iPhone SE 2022 64GB Cũ 99%,Apple,64.0,4.0,Apple A13 Bionic (7 nm+),4.7,"12 MP, f/1.8 (góc rộng)",2018.0,6289000.0,12,0,0,2
376,Xiaomi Redmi 12 4GB/128GB Chính Hãng,Xiaomi,128.0,4.0,Mediatek Helio G88 (12nm),6.79,"8 MP, f/2.2, 120˚ (góc siêu rộng)50 MP (góc rộng)2 MP, f/2.4",5000.0,4289000.0,8,50,2,3
377,Samsung Galaxy S23 FE 8GB/256GB Chính Hãng - BHĐT,Samsung,256.0,8.0,Exynos 2200 (4 nm),6.4,"12 MP, f/2.2, 13mm, 120˚ (góc siêu rộng)50 MP, f/1.8, 24mm (góc rộng)8 MP, f/2.4, 75mm (telephoto), PDAF, 3x optical zoom",4500.0,16899000.0,12,50,8,1
378,Samsung Galaxy A15 8GB/128GB Likenew - Fullbox,Samsung,128.0,8.0,Mediatek Helio G99 (6nm),6.5,"50 MP, f/1.8, (góc rộng)2 MP, f/2.4 (macro)5 MP, f/2.2 (góc siêu rộng)",5000.0,4589000.0,50,2,5,1
379,iPhone 12 64GB Cũ 99%,Apple,64.0,4.0,Apple A14 Bionic (5nm),6.1,"12 MP, f/1.6, 26mm (góc rộng)12 MP, f/2.4, 13mm, 120˚ (góc siêu rộng)",2815.0,12589000.0,12,12,0,2
380,iPhone 11 128GB Chính Hãng VN/A,Apple,128.0,4.0,Apple A13 Bionic (7 nm+),6.1,"12 MP, f/1.8, 26mm (góc rộng)12 MP, f/2.4, 120˚, 13mm (góc siêu rộng)",3110.0,16989000.0,12,12,0,2
381,iPhone 14 512GB Chính Hãng VN/A,Apple,512.0,6.0,Apple A15 Bionic (5 nm),6.1,"12 MP, f/2.4, 13mm, 120˚ (góc siêu rộng)12 MP f/1.5, 26mm (góc rộng)",3279.0,28989000.0,12,12,0,2
382,Samsung Galaxy A05 4GB/128GB Chính Hãng - BHĐT,Samsung,128.0,4.0,MediaTek Helio G85 (12nm),6.7,"50 MP, f/1.8, (góc rộng)2 MP, f/2.4 (macro)",5000.0,3189000.0,50,2,0,1
383,Samsung Galaxy A15 8GB/128GB Chính Hãng,Samsung,128.0,4.0,Mediatek Helio G99 (6nm),6.5,"50 MP, f/1.8, (góc rộng)2 MP, f/2.4 (macro)5 MP, f/2.2 (góc siêu rộng)",5000.0,5189000.0,50,2,5,1
384,iPhone 14 Plus 128GB Cũ 99%,Apple,128.0,6.0,Apple A15 Bionic (5 nm),6.7,"12 MP, f/2.4, 13mm, 120˚ (góc siêu rộng)12 MP f/1.5, 26mm (góc rộng)",4323.0,20989000.0,12,12,0,2
385,Samsung Galaxy S24 Plus 12GB/256GB Chính Hãng,Samsung,256.0,12.0,Exynos 2400 (4 nm) 10 nhân,6.7,"50 MP, f/1.8, 24mm (góc rộng), 1/1.56"", 1.0µm, Dual Pixel PDAF, OIS10 MP, f/2.4, 67mm (telephoto), 1/3.94"", 1.0µm, PDAF, OIS, 3x zoom quang học12 MP, f/2.2, 13mm, 120˚ (góc siêu rộng), 1/2.55"" 1.4µm, Chống Rung Video",4900.0,26990000.0,50,10,12,1
386,iPhone 14 Pro 1TB Chính Hãng VN/A,Apple,1024.0,6.0,Apple A16 Bionic (4 nm),6.1,"48 MP, f/1.8, 24mm (góc rộng)12 MP, f/2.2, 13mm, 120˚ (góc siêu rộng)TOF 3D LiDAR scanner (depth)12 MP, f/2.8, 77mm (telephoto)",3200.0,36989000.0,48,12,12,2
387,Samsung Galaxy A35 5G 8GB/128GB Chính Hãng - BHĐT,Samsung,128.0,8.0,Exynos 1380 (5 nm),6.6,"8 MP, f/2.2, 123˚ (góc siêu rộng)5 MP, f/2.4 (macro)50 MP, f/1.8, (góc rộng)",5000.0,8290000.0,8,5,50,1
388,Xiaomi Redmi Note 13 Pro 4G 8GB/128GB Chính Hãng,Xiaomi,128.0,8.0,Mediatek Helio G99 Ultra,6.67,"2 MP, f/2.4, (depth)8 MP, f/2.2, (góc siêu rộng)200 MP, f/1.7, 23mm (góc rộng)",5000.0,6789000.0,2,8,200,3
389,iPhone 13 Pro 256GB Cũ 99%,Apple,128.0,6.0,Apple A15 Bionic (5 nm),6.1,"12 MP, f/2.8, 77mm (telephoto)12 MP f/1.5, 26mm (góc rộng)12 MP, f/1.8, 13mm, 120˚ (góc siêu rộng)",3095.0,23489000.0,12,12,12,2
391,Samsung Galaxy Z Fold6 5G 12GB/512GB Chính Hãng,Samsung,512.0,12.0,Qualcomm SM8550-AC Snapdragon 8 Gen 3 (4 nm),7.6,"50 MP, f/1.8, 23mm (góc rộng), 1.0µm, dual pixel PDAF, OIS10 MP, f/2.4, 66mm (telephoto), 1.0µm, PDAF, OIS, 3x optical zoom12 MP, f/2.2, 123˚, 12mm (góc siêu rộng), 1.12µm",4400.0,47990000.0,50,10,12,1
392,iPhone 13 Pro Max 128GB Cũ,Apple,128.0,6.0,Apple A15 Bionic (5 nm),6.7,"12 MP, f/2.8, 77mm (telephoto)12 MP f/1.5, 26mm (góc rộng)12 MP, f/1.8, 13mm, 120˚ (góc siêu rộng)",4352.0,22689000.0,12,12,12,2
393,Xiaomi Redmi Note 12S 8GB/256GB Chính Hãng,Xiaomi,64.0,6.0,Mediatek Helio G96 (12 nm),6.43,"2 MP, f/2.4 (macro)108 MP, f/1.9, 26mm (góc rộng)8 MP, f/2.2, 118˚ (góc siêu rộng)",5000.0,6689000.0,2,108,8,3
394,iPhone 11 64GB Chính Hãng VN/A,Apple,64.0,4.0,Apple A13 Bionic (7 nm+),6.1,"12 MP, f/1.8, 26mm (góc rộng)12 MP, f/2.4, 120˚, 13mm (góc siêu rộng)",3110.0,14989000.0,12,12,0,2
395,iPhone 14 Pro 512GB Chính Hãng VN/A,Apple,512.0,6.0,Apple A16 Bionic (4 nm),6.1,"48 MP, f/1.8, 24mm (góc rộng)12 MP, f/2.2, 13mm, 120˚ (góc siêu rộng)TOF 3D LiDAR scanner (depth)12 MP, f/2.8, 77mm (telephoto)",3200.0,35989000.0,48,12,12,2
396,Samsung Galaxy A25 5G 8GB/128GB Chính Hãng - BHĐT,Samsung,128.0,8.0,Exynos 1280 (5 nm),6.5,"50 MP, f/1.8, (góc rộng)2 MP, f/2.4 (macro)8 MP, f/2.2, 120˚ (góc siêu rộng)",5000.0,6989000.0,50,2,8,1
397,Oppo A58 4G 6GB/128GB Chính Hãng,Oppo,128.0,6.0,Mediatek MT6769 Helio G85 (12nm),6.72,"2 MP, f/2.4 (macro)50 MP, f/1.8 26mm (góc rộng)",5000.0,4989000.0,2,50,0,4
398,iPhone 11 Pro 64GB Cũ,Apple,64.0,4.0,Apple A13 Bionic (7 nm+),5.8,"12 MP, f/1.8, 26mm (góc rộng)12 MP, f/2.4, 120˚, 13mm (góc siêu rộng)12 MP, f/2.0, 52mm (telephoto)",3046.0,10989000.0,12,12,12,2
400,iPhone 12 Pro Max 512GB Cũ 99%,Apple,128.0,6.0,Apple A14 Bionic (5nm),6.7,"12 MP, f/1.6, 26mm (góc rộng)12 MP, f/2.4, 13mm, 120˚ (góc siêu rộng)12 MP, f/2.2, 65mm (telephoto)",3687.0,20889000.0,12,12,12,2
401,iPhone 12 Pro 256GB Cũ,Apple,256.0,6.0,Apple A14 Bionic (5nm),6.1,"12 MP, f/1.6, 26mm (góc rộng)12 MP, f/2.4, 13mm, 120˚ (góc siêu rộng)12 MP, f/2.2, 65mm (telephoto)",2815.0,15089000.0,12,12,12,2
403,iPhone 12 Pro 256GB Cũ 99%,Apple,256.0,6.0,Apple A14 Bionic (5nm),6.1,"12 MP, f/1.6, 26mm (góc rộng)12 MP, f/2.4, 13mm, 120˚ (góc siêu rộng)12 MP, f/2.2, 65mm (telephoto)",2815.0,16189000.0,12,12,12,2
404,iPhone 15 Plus 128GB Likenew,Apple,128.0,6.0,Apple A16 Bionic (4 nm),6.7,"12 MP, f/2.4, 13mm, 120˚ (góc siêu rộng)TOF 3D LiDAR scanner (depth)48 MP, f/1.7, 26mm (góc rộng)",4383.0,21999000.0,12,48,0,2
405,Samsung Galaxy M15 5G 6GB/128GB Chính Hãng,Samsung,128.0,6.0, Mediatek Dimensity 6100 Plus,6.45,"2 MP, f/2.4 (macro)2 MP, f/2.4 (xóa phông)50 MP, f/1.8 (góc rộng)",6000.0,4990000.0,2,2,50,1
406,Samsung Galaxy Z Fold5 5G 12GB/256GB Chính Hãng - BHĐT,Samsung,256.0,12.0,Qualcomm SM8550-AC Snapdragon 8 Gen 2 (4 nm),7.6,"50 MP, f/1.8, 23mm (góc rộng)12 MP, f/2.2, 123˚, 12mm (góc siêu rộng)10 MP, f/2.4, (telephoto), PDAF, OIS, 3x optical zoom",4400.0,40989000.0,50,12,10,1
407,Xiaomi Redmi A3 3GB/64GB Likenew - Fullbox,Xiaomi,64.0,3.0,Mediatek Helio G36 (12 nm),6.71,"8 MP, f/2.0, (góc rộng)0.08 MP (ống kính phụ)",5000.0,2490000.0,8,8,0,3
408,iPhone 14 Plus 512GB Cũ 99%,Apple,512.0,6.0,Apple A15 Bionic (5 nm),6.7,"12 MP, f/2.4, 13mm, 120˚ (góc siêu rộng)12 MP f/1.5, 26mm (góc rộng)",4323.0,22489000.0,12,12,0,2
409,iPhone 11 Pro 256GB Cũ 99%,Apple,256.0,4.0,Apple A13 Bionic (7 nm+),5.8,"12 MP, f/1.8, 26mm (góc rộng)12 MP, f/2.4, 120˚, 13mm (góc siêu rộng)12 MP, f/2.0, 52mm (telephoto)",3046.0,13189000.0,12,12,12,2
412,Samsung Galaxy Z Fold6 5G 12GB/256GB Chính Hãng - BHĐT,Samsung,256.0,12.0,Qualcomm SM8550-AC Snapdragon 8 Gen 3 (4 nm),7.6,"50 MP, f/1.8, 23mm (góc rộng), 1.0µm, dual pixel PDAF, OIS10 MP, f/2.4, 66mm (telephoto), 1.0µm, PDAF, OIS, 3x optical zoom12 MP, f/2.2, 123˚, 12mm (góc siêu rộng), 1.12µm",4400.0,43990000.0,50,10,12,1
415,Xiaomi Redmi Note 13 Pro 4G 8GB/128GB Likenew - Fullbox,Xiaomi,128.0,8.0,Mediatek Dimensity 6080 (6 nm),6.67,"108 MP, f/1.8 (góc rộng)2 MP, f/2.4, (depth)8 MP, f/2.2, (góc siêu rộng)",5000.0,6789000.0,108,2,8,3
417,iPhone Xs Max 64GB Cũ 99%,Apple,64.0,4.0,Apple A12 Bionic (7 nm),6.5,"12 MP, f/1.8, 26mm (góc rộng)12 MP, f/2.4, 52mm (telephoto)",3174.0,9489000.0,12,12,0,2
418,Samsung Galaxy Z Fold4 5G 12GB/1TB Chính Hãng - BHĐT,Samsung,1024.0,12.0,Qualcomm SM8475 Snapdragon 8+ Gen 1 (4 nm),7.6,"50 MP, f/1.8, 23mm (góc rộng)10 MP, f/2.4, 66mm (telephoto)12 MP, f/2.2, 123˚, 12mm (góc siêu rộng)",4200.0,49989000.0,50,10,12,1
420,iPhone 14 Pro Max 256GB Cũ - eSIM,Apple,256.0,6.0,Apple A16 Bionic (4 nm),6.7,"48 MP, f/1.8, 24mm (góc rộng)12 MP, f/2.2, 13mm, 120˚ (góc siêu rộng)TOF 3D LiDAR scanner (depth)12 MP, f/2.8, 77mm (telephoto)",4323.0,27189000.0,48,12,12,2
421,iPhone 15 Pro Max 1TB Chính Hãng VN/A,Apple,1024.0,8.0,Apple A17 Pro (3 nm),6.7,"TOF 3D LiDAR scanner (depth)48 MP, f/1.8, 24mm (góc rộng), 1/1.28"", 1.22µm, dual pixel PDAF, sensor-shift OIS12 MP, f/2.8, 120mm (ống kính tiềm vọng), 1.12µm, dual pixel PDAF, 3D sensor‑shift OIS, 5x optical zoom",4441.0,46999000.0,48,12,0,2
422,iPhone 15 Pro Max 256GB Cũ,Apple,256.0,8.0,Apple A17 Pro (3 nm),6.7,"TOF 3D LiDAR scanner (depth)48 MP, f/1.8, 24mm (góc rộng), 1/1.28"", 1.22µm, dual pixel PDAF, sensor-shift OIS12 MP, f/2.8, 120mm (ống kính tiềm vọng), 1.12µm, dual pixel PDAF, 3D sensor‑shift OIS, 5x optical zoom",4441.0,31999000.0,48,12,0,2
423,Realme C60 4GB/64GB Chính Hãng,Realme,64.0,4.0,Unisoc Tiger T612,6.74,Camera chính 13MPCamera phụ 0.08MP,5000.0,2790000.0,13,8,0,5
424,iPhone 14 Pro 128GB Cũ,Apple,128.0,6.0,Apple A16 Bionic (4 nm),6.1,"48 MP, f/1.8, 24mm (góc rộng)12 MP, f/2.2, 13mm, 120˚ (góc siêu rộng)TOF 3D LiDAR scanner (depth)12 MP, f/2.8, 77mm (telephoto)",3200.0,23989000.0,48,12,12,2
425,Samsung Galaxy S24 8GB/512GB Chính Hãng - BHĐT,Samsung,512.0,12.0,Exynos 2400 (4 nm) 10 nhân,6.5,"50 MP, f/1.8, 24mm (góc rộng), 1/1.56"", 1.0µm, Dual Pixel PDAF, OIS10 MP, f/2.4, 67mm (telephoto), 1/3.94"", 1.0µm, PDAF, OIS, 3x zoom quang học12 MP, f/2.2, 13mm, 120˚ (góc siêu rộng), 1/2.55"" 1.4µm, Chống Rung Video",4900.0,22990000.0,50,10,12,1
426,iPhone 14 Pro Max 128GB Cũ - eSIM,Apple,128.0,6.0,Apple A16 Bionic (4 nm),6.7,"48 MP, f/1.8, 24mm (góc rộng)12 MP, f/2.2, 13mm, 120˚ (góc siêu rộng)TOF 3D LiDAR scanner (depth)12 MP, f/2.8, 77mm (telephoto)",4323.0,24689000.0,48,12,12,2
427,Oppo Find N3 5G 12GB/512GB Chính Hãng,Oppo,512.0,12.0,Qualcomm SM8550-AB Snapdragon 8 Gen 2 (4 nm),7.82,"48 MP, f/1.7, 24mm (góc rộng), 1/1.43"", 1.12µm, multi-directional PDAF, OIS64 MP, f/2.6, 70mm (telephoto), 1/2.0"", 0.7µm, PDAF, OIS, 3x zoom quang học48 MP, f/2.2, 14mm, 114˚ (góc siêu rộng), 1/2.0"", 0.8µm, PDAF",4805.0,44989000.0,48,64,48,4
428,Samsung Galaxy M14 5G 6GB/128GB Chính Hãng - BHĐT,Samsung,128.0,6.0,Exynos 1330 (5nm),6.6,"2 MP, f/2.4 (macro)2 MP, f/2.4 (xóa phông)50 MP, f/1.8 (góc rộng)",6000.0,5789000.0,2,2,50,1
429,Samsung Galaxy S24 Ultra 12GB/512GB Chính Hãng - BHĐT,Samsung,512.0,12.0,Qualcomm SM8650-AC Snapdragon 8 Gen 3 (4 nm),6.8,"50 MP, f/1.8, 24mm (góc rộng), 1/1.56"", 1.0µm, Dual Pixel PDAF, OIS10 MP, f/2.4, 67mm (telephoto), 1/3.94"", 1.0µm, PDAF, OIS, 3x zoom quang học12 MP, f/2.2, 13mm, 120˚ (góc siêu rộng), 1/2.55"" 1.4µm, Chống Rung Video200 MP, f/1.7, 24mm (wide), 1/1.3"", 0.6µm, PDAF đa hướng, Laser AF, OIS",5000.0,37490000.0,50,10,12,1
430,Samsung Galaxy A04e 4GB/128GB Chính Hãng - BHĐT,Samsung,128.0,4.0,Mediatek MT6765 Helio P35 (12nm),6.5,"13 MP, f/2.2 (góc rộng)",5000.0,3489000.0,13,0,0,1
431,iPhone 14 Pro 256GB Chính Hãng VN/A,Apple,256.0,6.0,Apple A16 Bionic (4 nm),6.1,"48 MP, f/1.8, 24mm (góc rộng)12 MP, f/2.2, 13mm, 120˚ (góc siêu rộng)TOF 3D LiDAR scanner (depth)12 MP, f/2.8, 77mm (telephoto)",3200.0,29989000.0,48,12,12,2
436,iPhone 12 128GB Cũ 99%,Apple,64.0,4.0,Apple A14 Bionic (5nm),6.1,"12 MP, f/1.6, 26mm (góc rộng)12 MP, f/2.4, 13mm, 120˚ (góc siêu rộng)",2815.0,13789000.0,12,12,0,2
438,iPhone 13 128GB Cũ 99%,Apple,128.0,4.0,Apple A15 Bionic (5 nm),6.1,"12 MP f/1.5, 26mm (góc rộng)12 MP, f/1.8, 13mm, 120˚ (góc siêu rộng)",3240.0,16489000.0,12,12,0,2
439,iPhone 14 Plus 128GB Chính Hãng VN/A,Apple,128.0,6.0,Apple A15 Bionic (5 nm),6.7,"12 MP, f/2.4, 13mm, 120˚ (góc siêu rộng)12 MP f/1.5, 26mm (góc rộng)",4323.0,24989000.0,12,12,0,2
440,Oppo A78 4G 8GB/256GB Chính Hãng,Oppo,128.0,8.0,Qualcomm SM6225 Snapdragon 680 4G (6 nm),6.43,"50 MP, f/1.8, 27mm (góc rộng)2 MP, f/2.4 (xóa phông)",5000.0,6989000.0,50,2,0,4
441,iPhone 15 Pro Max 512GB Chính Hãng VN/A,Apple,512.0,8.0,Apple A17 Pro (3 nm),6.7,"TOF 3D LiDAR scanner (depth)48 MP, f/1.8, 24mm (góc rộng), 1/1.28"", 1.22µm, dual pixel PDAF, sensor-shift OIS12 MP, f/2.8, 120mm (ống kính tiềm vọng), 1.12µm, dual pixel PDAF, 3D sensor‑shift OIS, 5x optical zoom",4441.0,40999000.0,48,12,0,2
443,Samsung Galaxy S24 Ultra 12GB/256GB Chính Hãng - BHĐT,Samsung,256.0,12.0,Qualcomm SM8650-AC Snapdragon 8 Gen 3 (4 nm),6.8,"50 MP, f/1.8, 24mm (góc rộng), 1/1.56"", 1.0µm, Dual Pixel PDAF, OIS10 MP, f/2.4, 67mm (telephoto), 1/3.94"", 1.0µm, PDAF, OIS, 3x zoom quang học12 MP, f/2.2, 13mm, 120˚ (góc siêu rộng), 1/2.55"" 1.4µm, Chống Rung Video200 MP, f/1.7, 24mm (wide), 1/1.3"", 0.6µm, PDAF đa hướng, Laser AF, OIS",5000.0,33990000.0,50,10,12,1
444,Samsung Galaxy A15 8GB/128GB Chính Hãng - BHĐT,Samsung,128.0,8.0,Mediatek Helio G99 (6nm),6.5,"50 MP, f/1.8, (góc rộng)2 MP, f/2.4 (macro)5 MP, f/2.2 (góc siêu rộng)",5000.0,5189000.0,50,2,5,1
445,Samsung Galaxy S24 Ultra 12GB/1TB Chính Hãng - BHĐT,Samsung,1024.0,12.0,Qualcomm SM8650-AC Snapdragon 8 Gen 3 (4 nm),6.8,"50 MP, f/1.8, 24mm (góc rộng), 1/1.56"", 1.0µm, Dual Pixel PDAF, OIS10 MP, f/2.4, 67mm (telephoto), 1/3.94"", 1.0µm, PDAF, OIS, 3x zoom quang học12 MP, f/2.2, 13mm, 120˚ (góc siêu rộng), 1/2.55"" 1.4µm, Chống Rung Video200 MP, f/1.7, 24mm (wide), 1/1.3"", 0.6µm, PDAF đa hướng, Laser AF, OIS",5000.0,44490000.0,50,10,12,1
446,iPhone 11 Pro Max 64GB Cũ 99%,Apple,64.0,4.0,Apple A13 Bionic (7 nm+),6.5,"12 MP, f/1.8, 26mm (góc rộng)12 MP, f/2.4, 120˚, 13mm (góc siêu rộng)12 MP, f/2.0, 52mm (telephoto)",3969.0,13789000.0,12,12,12,2
447,Xiaomi Redmi Note 13 8GB/128GB Chính Hãng,Xiaomi,128.0,8.0,Snapdragon 685 8 nhân,6.67,"108 MP, f/1.8 (góc rộng)2 MP, f/2.4, (depth)8 MP, f/2.2, (góc siêu rộng)",5000.0,5889000.0,108,2,8,3
451,iPhone 15 Pro 256GB Chính Hãng VN/A,Apple,256.0,8.0,Apple A17 Pro (3 nm),6.1,"TOF 3D LiDAR scanner (depth)48 MP, f/1.8, 24mm (góc rộng), 1/1.28"", 1.22µm, dual pixel PDAF, sensor-shift OIS12 MP, f/2.8, 120mm (ống kính tiềm vọng), 1.12µm, dual pixel PDAF, 3D sensor‑shift OIS, 5x optical zoom",4441.0,31999000.0,48,12,0,2
453,Oppo A18 4GB/128GB Chính Hãng,Oppo,128.0,4.0,Mediatek MT6769 Helio G85 (12nm),6.56,"8 MP, f/2.0, (góc rộng), AF2 MP, f/2.4, (depth)",5000.0,4989000.0,8,2,0,4
454,Oppo Reno 11 F 5G 8GB/256GB Chính Hãng,Oppo,256.0,8.0,Mediatek Dimensity 7050 (6 nm),6.7,"2 MP, f/2.4, (macro)64 MP, f/1.7, 25mm (góc rộng), 1/2.0"", 0.7µm, PDAF8 MP, f/2.2, 16mm, 112˚ (góc siêu rộng), 1/4.0"", 1.12µm",5000.0,8990000.0,2,64,8,4
456,iPhone 14 128GB Cũ 99%,Apple,128.0,6.0,Apple A15 Bionic (5 nm),6.1,"12 MP, f/2.4, 13mm, 120˚ (góc siêu rộng)12 MP f/1.5, 26mm (góc rộng)",3279.0,17989000.0,12,12,0,2
458,Samsung Galaxy S24 Ultra 12GB/512GB Chính Hãng,Samsung,256.0,12.0,Qualcomm SM8650-AC Snapdragon 8 Gen 3 (4 nm),6.8,"50 MP, f/1.8, 24mm (góc rộng), 1/1.56"", 1.0µm, Dual Pixel PDAF, OIS10 MP, f/2.4, 67mm (telephoto), 1/3.94"", 1.0µm, PDAF, OIS, 3x zoom quang học12 MP, f/2.2, 13mm, 120˚ (góc siêu rộng), 1/2.55"" 1.4µm, Chống Rung Video200 MP, f/1.7, 24mm (wide), 1/1.3"", 0.6µm, PDAF đa hướng, Laser AF, OIS",5000.0,37490000.0,50,10,12,1
459,iPhone 14 Pro Max 512GB Chính Hãng VN/A,Apple,512.0,6.0,Apple A16 Bionic (4 nm),6.7,"48 MP, f/1.8, 24mm (góc rộng)12 MP, f/2.2, 13mm, 120˚ (góc siêu rộng)TOF 3D LiDAR scanner (depth)12 MP, f/2.8, 77mm (telephoto)",4323.0,37989000.0,48,12,12,2
461,Samsung Galaxy S24 Plus 12GB/512GB Chính Hãng - BHĐT,Samsung,512.0,12.0,Exynos 2400 (4 nm) 10 nhân,6.5,"50 MP, f/1.8, 24mm (góc rộng), 1/1.56"", 1.0µm, Dual Pixel PDAF, OIS10 MP, f/2.4, 67mm (telephoto), 1/3.94"", 1.0µm, PDAF, OIS, 3x zoom quang học12 MP, f/2.2, 13mm, 120˚ (góc siêu rộng), 1/2.55"" 1.4µm, Chống Rung Video",4900.0,30490000.0,50,10,12,1
462,Samsung Galaxy Z Fold5 5G 12GB/512GB Chính Hãng - BHĐT,Samsung,512.0,12.0,Qualcomm SM8550-AC Snapdragon 8 Gen 2 (4 nm),7.6,"50 MP, f/1.8, 23mm (góc rộng)12 MP, f/2.2, 123˚, 12mm (góc siêu rộng)10 MP, f/2.4, (telephoto), PDAF, OIS, 3x optical zoom",4400.0,42989000.0,50,12,10,1
463,Oppo Find N3 Flip 5G 12GB/256GB Chính Hãng,Oppo,256.0,12.0,Qualcomm SM8550-AB Snapdragon 8 Gen 2 (4 nm),6.8,"48 MP, f/2.2, 14mm, 114˚ (góc siêu rộng), 1/2.0"", 0.8µm, PDAF50 MP, f/1.8, 24mm (góc rộng), 1/1.56"", 1.0µm, multi-directional PDAF, OIS32 MP, f/2.0, 47mm (telephoto), 2x optical zoom, PDAF",4300.0,22989000.0,48,50,32,4
464,Samsung Galaxy A24 8GB/128GB Chính Hãng - BHĐT,Samsung,128.0,6.0,Mediatek MT8781 Helio G99 (6nm),6.5,"50 MP, f/1.8, (góc rộng)5 MP, f/2.2, 123˚ (góc siêu rộng)2 MP, f/2.4 (macro)",5000.0,6989000.0,50,5,2,1
465,iPhone Xs 64GB Cũ 99%,Apple,64.0,4.0,Apple A12 Bionic (7 nm),5.8,"12 MP, f/1.8, 26mm (góc rộng)12 MP, f/2.4, 52mm (telephoto)",2658.0,7789000.0,12,12,0,2
466,Oppo A60 8GB/128GB Chính Hãng,Oppo,128.0,8.0,Qualcomm SM6225 Snapdragon 680 4G (6 nm),6.56,"50 MP, f/1.8, (góc rộng)2 MP, f/2.4, (độ sâu)",5000.0,5490000.0,50,2,0,4
469,Xiaomi Redmi Note 13 6GB/128GB Chính Hãng,Xiaomi,128.0,6.0,Snapdragon 685 8 nhân,6.67,"108 MP, f/1.8 (góc rộng)2 MP, f/2.4, (depth)8 MP, f/2.2, (góc siêu rộng)",5000.0,4799000.0,108,2,8,3
470,Samsung Galaxy M15 5G 4GB/128GB Chính Hãng,Samsung,128.0,4.0, Mediatek Dimensity 6100 Plus,6.45,"2 MP, f/2.4 (macro)2 MP, f/2.4 (xóa phông)50 MP, f/1.8 (góc rộng)",6000.0,4690000.0,2,2,50,1
471,iPhone 15 256GB Chính Hãng VN/A,Apple,256.0,6.0,Apple A16 Bionic (4 nm),6.1,"12 MP, f/2.4, 13mm, 120˚ (góc siêu rộng)TOF 3D LiDAR scanner (depth)48 MP, f/1.7, 26mm (góc rộng)",3279.0,25999000.0,12,48,0,2
472,iPhone 8 Plus 64GB Cũ,Apple,64.0,3.0,Apple A11 Bionic (10 nm),5.5,"12 MP, f/1.8, 28mm (góc rộng)12 MP, f/2.8, 57mm",2691.0,5689000.0,12,12,0,2
474,iPhone 8 Plus 64GB Cũ 99%,Apple,64.0,3.0,Apple A11 Bionic (10 nm),5.5,"12 MP, f/1.8, 28mm (góc rộng)12 MP, f/2.8, 57mm",2691.0,6189000.0,12,12,0,2
475,Samsung Galaxy A04e 3GB/64GB Chính Hãng - BHĐT,Samsung,64.0,3.0,Mediatek MT6765 Helio P35 (12nm),6.5,"13 MP, f/2.2 (góc rộng)2 MP, f/2.4 (xóa phông)",5000.0,3189000.0,13,2,0,1
476,iPhone 13 Pro 128GB Cũ,Apple,128.0,6.0,Apple A15 Bionic (5 nm),6.1,"12 MP, f/2.8, 77mm (telephoto)12 MP f/1.5, 26mm (góc rộng)12 MP, f/1.8, 13mm, 120˚ (góc siêu rộng)",3095.0,21189000.0,12,12,12,2
477,iPhone 11 Pro Max 256GB Cũ,Apple,256.0,4.0,Apple A13 Bionic (7 nm+),6.5,"12 MP, f/1.8, 26mm (góc rộng)12 MP, f/2.4, 120˚, 13mm (góc siêu rộng)12 MP, f/2.0, 52mm (telephoto)",3969.0,14789000.0,12,12,12,2
479,iPhone 15 Plus 128GB Cũ,Apple,128.0,6.0,Apple A16 Bionic (4 nm),6.7,"12 MP, f/2.4, 13mm, 120˚ (góc siêu rộng)TOF 3D LiDAR scanner (depth)48 MP, f/1.7, 26mm (góc rộng)",4383.0,20999000.0,12,48,0,2
481,Oppo A60 8GB/256GB Chính Hãng,Oppo,256.0,8.0,Qualcomm SM6225 Snapdragon 680 4G (6 nm),6.67,"50 MP, f/1.8, (góc rộng)2 MP, f/2.4, (độ sâu)",5000.0,6490000.0,50,2,0,4
487,iPhone 11 Pro Max 256GB Cũ 99%,Apple,256.0,4.0,Apple A13 Bionic (7 nm+),6.5,"12 MP, f/1.8, 26mm (góc rộng)12 MP, f/2.4, 120˚, 13mm (góc siêu rộng)12 MP, f/2.0, 52mm (telephoto)",3969.0,15789000.0,12,12,12,2
489,Samsung Galaxy S24 Plus 12GB/512GB Chính Hãng,Samsung,256.0,12.0,Exynos 2400 (4 nm) 10 nhân,6.7,"50 MP, f/1.8, 24mm (góc rộng), 1/1.56"", 1.0µm, Dual Pixel PDAF, OIS10 MP, f/2.4, 67mm (telephoto), 1/3.94"", 1.0µm, PDAF, OIS, 3x zoom quang học12 MP, f/2.2, 13mm, 120˚ (góc siêu rộng), 1/2.55"" 1.4µm, Chống Rung Video",4900.0,30490000.0,50,10,12,1
491,iPhone 14 Plus 256GB Cũ 99%,Apple,256.0,6.0,Apple A15 Bionic (5 nm),6.7,"12 MP, f/2.4, 13mm, 120˚ (góc siêu rộng)12 MP f/1.5, 26mm (góc rộng)",4323.0,21989000.0,12,12,0,2
493,iPhone 15 Pro 128GB Mới Trần - Chưa Kích Hoạt,Apple,128.0,8.0,Apple A17 Pro (3 nm),6.1,"TOF 3D LiDAR scanner (depth)48 MP, f/1.8, 24mm (góc rộng), 1/1.28"", 1.22µm, dual pixel PDAF, sensor-shift OIS12 MP, f/2.8, 120mm (ống kính tiềm vọng), 1.12µm, dual pixel PDAF, 3D sensor‑shift OIS, 5x optical zoom",3274.0,26999000.0,48,12,0,2
494,iPhone 14 Pro Max 256GB Cũ 99% - eSIM,Apple,256.0,6.0,Apple A16 Bionic (4 nm),6.7,"48 MP, f/1.8, 24mm (góc rộng)12 MP, f/2.2, 13mm, 120˚ (góc siêu rộng)TOF 3D LiDAR scanner (depth)12 MP, f/2.8, 77mm (telephoto)",4323.0,35990000.0,48,12,12,2
495,iPhone 15 512GB Chính Hãng VN/A,Apple,512.0,6.0,Apple A16 Bionic (4 nm),6.1,"12 MP, f/2.4, 13mm, 120˚ (góc siêu rộng)TOF 3D LiDAR scanner (depth)48 MP, f/1.7, 26mm (góc rộng)",3279.0,31999000.0,12,48,0,2
496,Samsung Galaxy S24 8GB/512GB Chính Hãng,Samsung,256.0,8.0,Exynos 2400 (4 nm) 10 nhân,6.2,"50 MP, f/1.8, 24mm (góc rộng), 1/1.56"", 1.0µm, Dual Pixel PDAF, OIS10 MP, f/2.4, 67mm (telephoto), 1/3.94"", 1.0µm, PDAF, OIS, 3x zoom quang học12 MP, f/2.2, 13mm, 120˚ (góc siêu rộng), 1/2.55"" 1.4µm, Chống Rung Video",4000.0,26490000.0,50,10,12,1
497,Oppo Reno 10 5G 8GB/256GB Chính Hãng,Oppo,256.0,8.0,Mediatek MT6877V Dimensity 7050 (6 nm),6.7,"64 MP, f/1.7, 25mm (góc rộng)32 MP, f/2.0, 47mm (telephoto)8 MP, f/2.2, 112˚ (góc siêu rộng)",5000.0,10900000.0,64,32,8,4
